User_Id,Place_Id,Place_Ratings
1,46,3
1,4,2
1,11,5
1,2,3
1,32,4
1,7,2
1,57,5
1,35,4
1,57,2
1,56,5
1,32,3
1,42,5
1,33,3
1,6,5
1,43,5
1,24,4
1,14,4
1,26,3
1,34,3
1,49,2
1,37,3
1,37,3
1,26,4
1,1,5
1,52,2
1,7,2
1,53,4
1,5,2
1,48,2
1,12,2
2,24,2
2,55,5
2,42,4
2,50,3
2,43,4
2,36,3
2,47,5
2,19,2
2,44,2
2,3,2
2,23,3
2,44,2
2,55,5
2,29,2
2,44,3
2,28,5
2,23,5
2,15,4
2,24,3
2,43,2
2,55,2
2,2,5
2,14,4
2,9,2
2,17,2
2,8,2
2,34,5
2,35,3
2,17,3
3,8,5
3,47,5
3,50,5
3,37,3
3,54,3
3,57,5
3,51,2
3,13,3
3,29,3
3,25,2
3,12,2
3,33,2
3,2,3
3,54,4
3,35,2
3,46,4
3,44,5
3,45,3
3,2,4
3,38,2
3,38,2
3,52,2
3,3,3
3,24,4
3,42,5
3,35,3
3,34,3
3,42,3
3,47,4
3,45,5
4,23,2
4,31,2
4,18,4
4,21,4
4,43,3
4,32,5
4,28,3
4,40,3
4,45,4
4,17,3
4,3,5
4,13,4
4,42,3
4,19,5
4,34,3
4,43,2
4,12,5
4,11,3
4,49,2
4,46,2
4,18,3
4,20,5
4,59,5
4,25,5
4,6,2
4,14,2
5,50,4
5,25,2
5,58,5
5,10,2
5,18,4
5,31,3
5,8,5
5,13,5
5,54,4
5,41,5
5,43,3
5,38,5
5,36,3
5,26,3
5,13,3
5,27,2
5,10,5
5,10,2
5,44,3
5,34,2
5,1,4
5,38,2
5,16,4
5,51,2
5,52,4
5,7,4
5,31,3
5,52,3
5,33,4
5,3,2
5,39,3
5,54,3
5,40,3
6,56,4
6,33,2
6,24,2
6,25,2
6,34,3
6,12,3
6,1,2
6,47,5
6,9,4
6,52,5
6,55,2
6,6,5
6,48,5
6,42,5
6,5,2
6,59,4
6,51,4
6,18,5
6,34,5
6,46,5
6,50,2
6,47,2
6,35,4
6,36,3
6,35,2
6,5,5
6,35,4
6,51,2
7,13,5
7,18,3
7,41,3
7,38,3
7,4,5
7,40,5
7,11,4
7,59,5
7,44,4
7,9,4
7,36,3
7,26,3
7,44,5
7,20,4
7,43,4
7,36,3
7,30,2
7,54,5
7,15,4
7,9,4
7,2,3
7,13,4
7,50,4
7,54,5
7,38,5
7,58,2
7,49,3
8,59,5
8,15,3
8,10,2
8,30,5
8,51,4
8,54,5
8,20,4
8,46,2
8,12,3
8,8,2
8,8,5
8,6,5
8,26,3
8,40,4
8,27,5
8,3,3
8,35,5
8,47,2
8,13,3
8,37,5
8,45,2
8,1,5
8,37,4
8,58,3
8,53,2
8,5,3
8,26,3
8,30,4
9,58,3
9,20,4
9,46,4
9,13,4
9,58,3
9,54,5
9,57,3
9,7,2
9,11,4
9,9,4
9,16,4
9,21,3
9,30,3
9,46,5
9,34,3
9,18,3
9,10,3
9,57,4
9,21,4
9,20,4
9,20,4
9,49,3
9,39,5
9,5,4
9,35,5
9,47,4
9,58,5
9,13,2
9,57,5
9,14,2
9,5,5
9,26,2
9,1,5
10,50,3
10,33,4
10,23,5
10,1,2
10,33,5
10,11,4
10,40,4
10,55,5
10,50,3
10,6,5
10,44,3
10,24,5
10,56,5
10,40,4
10,28,5
10,7,5
10,17,3
10,50,3
10,37,3
10,38,3
10,52,4
10,49,3
10,7,3
10,32,2
10,17,2
10,18,2
10,38,5
10,28,4
11,48,2
11,35,2
11,22,3
11,7,3
11,34,3
11,43,5
11,30,5
11,37,2
11,59,4
11,24,2
11,35,4
11,14,3
11,57,4
11,54,2
11,21,4
11,27,4
11,28,4
11,4,3
11,39,2
11,34,5
11,51,2
11,18,5
11,11,2
11,41,3
11,33,3
11,28,2
11,45,5
11,49,2
12,41,3
12,3,3
12,52,2
12,17,3
12,18,5
12,24,5
12,21,5
12,36,4
12,11,4
12,59,5
12,29,5
12,35,4
12,37,5
12,11,4
12,19,2
12,56,5
12,31,4
12,58,4
12,20,5
12,29,2
12,38,5
12,45,5
12,53,5
12,29,3
12,32,5
12,40,5
12,33,3
12,16,3
12,1,5
12,8,2
12,27,5
12,57,4
12,24,3
12,46,2
13,58,2
13,12,2
13,42,2
13,12,5
13,9,4
13,36,5
13,38,2
13,14,5
13,34,2
13,16,5
13,58,4
13,15,4
13,36,5
13,3,2
13,45,2
13,8,3
13,32,2
13,22,5
13,15,2
13,21,2
13,13,4
13,18,3
13,9,2
13,37,5
13,26,4
14,25,5
14,47,3
14,27,4
14,38,2
14,31,4
14,23,2
14,10,4
14,1,5
14,35,5
14,12,3
14,34,2
14,14,3
14,31,2
14,21,5
14,44,2
14,59,3
14,18,5
14,50,2
14,11,2
14,17,4
14,11,3
14,32,2
14,56,5
14,57,5
14,48,4
14,4,2
14,33,3
14,47,4
14,18,4
14,23,5
14,15,5
14,21,4
14,19,3
15,38,3
15,55,3
15,58,5
15,35,5
15,48,3
15,9,2
15,15,5
15,46,5
15,56,3
15,40,5
15,52,4
15,48,4
15,29,3
15,54,4
15,40,2
15,12,3
15,35,5
15,28,4
15,49,2
15,22,2
15,29,2
15,30,5
15,48,4
15,14,5
15,59,3
15,47,3
15,37,2
15,24,4
15,21,3
15,53,2
15,44,2
15,47,4
15,57,2
15,12,3
15,52,3
15,11,3
16,15,2
16,35,2
16,24,2
16,10,3
16,36,4
16,4,2
16,44,3
16,2,2
16,17,3
16,25,4
16,17,4
16,3,5
16,17,4
16,25,2
16,34,5
16,12,4
16,25,4
16,9,2
16,19,5
16,52,4
16,53,3
16,6,4
16,17,4
16,21,5
16,46,2
16,39,3
16,13,4
16,37,3
16,41,5
17,18,4
17,11,2
17,49,5
17,3,5
17,26,5
17,21,4
17,42,2
17,13,5
17,25,4
17,6,2
17,9,4
17,12,3
17,39,4
17,47,2
17,57,3
17,3,5
17,13,3
17,9,4
17,36,5
17,5,3
17,28,4
17,51,4
17,30,5
17,43,5
17,37,4
17,21,4
17,44,3
17,15,2
17,28,4
17,10,3
17,6,3
17,55,4
17,2,2
17,3,2
17,3,2
17,11,4
17,19,3
17,32,3
17,16,4
17,43,4
17,33,3
17,40,2
17,9,3
17,9,4
17,53,2
17,8,3
18,52,3
18,35,2
18,31,5
18,27,4
18,28,3
18,51,4
18,12,5
18,13,4
18,4,5
18,10,2
18,26,5
18,17,4
18,47,5
18,22,3
18,59,3
18,45,4
18,27,2
18,7,4
18,34,5
18,45,4
18,1,3
18,6,2
18,50,3
18,16,5
18,29,2
18,16,4
18,49,4
18,22,3
18,12,5
18,16,2
18,31,4
18,43,3
18,38,5
18,24,2
19,42,5
19,13,2
19,24,3
19,36,3
19,35,3
19,59,2
19,22,3
19,35,4
19,50,2
19,29,4
19,32,2
19,56,2
19,11,4
19,15,5
19,42,3
19,11,3
19,11,2
19,40,2
19,35,3
19,54,3
19,4,5
19,36,4
19,53,3
19,10,5
19,29,3
19,35,4
19,14,5
19,59,4
19,35,5
19,37,3
19,36,5
19,35,5
19,40,4
19,17,5
19,9,3
19,30,4
19,51,4
19,19,3
19,25,4
19,38,5
19,44,5
19,12,3
19,36,4
19,14,2
20,2,3
20,22,2
20,54,2
20,7,3
20,59,5
20,17,5
20,21,3
20,49,3
20,25,3
20,49,2
20,28,3
20,29,2
20,3,4
20,38,4
20,58,4
20,42,2
20,34,3
20,49,5
20,24,4
20,30,3
20,36,2
20,7,5
20,22,3
20,49,2
20,7,4
20,40,5
20,11,4
20,5,2
20,51,2
20,8,3
20,22,3
20,39,3
20,33,2
20,30,2
21,36,5
21,13,4
21,47,3
21,27,2
21,39,5
21,13,4
21,3,3
21,30,4
21,7,2
21,1,4
21,30,2
21,47,4
21,48,3
21,50,4
21,28,5
21,19,3
21,43,3
21,52,2
21,5,2
21,28,2
21,2,5
21,31,2
22,4,4
22,3,2
22,19,4
22,55,5
22,50,5
22,32,3
22,35,2
22,42,4
22,10,2
22,28,5
22,34,3
22,32,5
22,19,3
22,54,2
22,15,2
22,45,3
22,32,3
22,10,2
22,30,4
22,12,5
22,28,2
22,20,2
22,1,3
22,27,3
22,7,4
22,5,3
22,57,2
22,40,5
22,35,4
23,25,4
23,13,2
23,16,4
23,7,5
23,5,3
23,22,5
23,54,4
23,25,2
23,52,4
23,30,3
23,9,4
23,34,2
23,54,5
23,52,2
23,25,2
23,18,4
23,40,5
23,20,3
23,19,4
23,14,3
23,36,4
23,12,3
23,59,5
23,45,4
23,46,3
23,20,4
23,43,4
23,6,4
23,29,4
23,5,3
23,51,4
23,46,2
24,42,3
24,21,2
24,55,4
24,37,5
24,36,3
24,22,2
24,11,2
24,39,4
24,3,2
24,31,3
24,52,2
24,17,3
24,12,2
24,30,2
24,56,4
24,54,3
24,59,4
24,54,4
24,54,5
24,57,2
24,36,5
24,10,2
24,42,5
24,7,5
25,13,2
25,50,4
25,4,3
25,11,3
25,6,4
25,19,3
25,16,5
25,35,4
25,53,3
25,58,5
25,23,4
25,51,5
25,10,3
25,51,4
25,13,3
25,54,3
25,11,4
25,14,5
25,2,2
25,57,3
25,59,3
25,27,3
25,31,5
25,40,2
25,7,4
25,49,3
25,9,3
25,22,3
25,55,2
25,38,4
25,8,4
25,39,5
25,25,4
26,10,2
26,29,5
26,4,4
26,9,3
26,52,3
26,47,5
26,45,3
26,48,5
26,55,2
26,29,5
26,39,5
26,10,3
26,15,3
26,58,3
26,43,5
26,1,3
26,26,5
26,32,3
26,14,3
26,49,2
26,44,5
26,57,5
26,6,2
26,44,3
26,48,3
26,6,5
26,53,4
26,39,5
26,35,3
26,25,5
26,11,4
26,20,5
26,11,4
26,1,5
26,6,4
27,39,4
27,32,3
27,22,3
27,3,5
27,28,5
27,44,3
27,6,3
27,2,4
27,16,2
27,52,4
27,55,4
27,3,3
27,59,3
27,30,5
27,29,5
27,11,2
27,10,2
27,20,5
27,39,3
27,58,2
27,26,3
27,41,2
27,28,2
27,22,5
27,16,4
27,56,3
27,39,5
27,12,2
27,54,2
27,33,5
27,47,4
27,21,3
27,40,2
27,17,4
27,28,3
27,26,3
27,26,4
27,47,3
27,28,3
28,55,5
28,26,2
28,10,4
28,2,5
28,52,5
28,48,3
28,3,4
28,12,4
28,46,4
28,28,4
28,8,2
28,22,4
28,51,5
28,28,5
28,47,3
28,5,2
28,16,4
28,2,2
28,54,2
28,10,4
28,3,5
28,54,3
28,16,5
28,19,5
28,55,5
28,52,4
28,9,4
28,44,4
28,46,5
28,17,3
28,13,5
28,23,3
28,16,5
28,11,3
28,55,4
28,37,2
28,7,4
28,32,2
28,35,4
28,1,5
28,43,5
29,2,5
29,54,3
29,6,2
29,55,3
29,25,5
29,22,4
29,13,5
29,28,5
29,38,5
29,7,3
29,57,4
29,22,2
29,58,5
29,25,3
29,47,2
29,53,3
29,33,5
29,17,3
29,39,2
29,47,4
29,27,2
29,52,3
29,19,4
29,20,3
29,52,3
29,23,2
29,4,3
29,57,4
29,46,5
29,30,3
29,56,3
29,26,3
29,46,2
29,23,4
30,50,2
30,48,3
30,24,3
30,40,2
30,45,4
30,17,2
30,35,5
30,31,2
30,14,4
30,18,2
30,45,3
30,12,5
30,13,4
30,57,3
30,57,3
30,46,2
30,15,2
30,38,2
30,49,4
30,11,4
30,32,2
30,53,2
30,47,4
30,27,3
30,23,5
30,18,5
30,37,2
30,1,5
30,39,2
30,3,3
30,42,5
30,42,5
30,53,2
30,9,5
30,4,4
31,57,5
31,59,4
31,1,4
31,58,5
31,57,2
31,55,2
31,5,5
31,8,3
31,57,5
31,2,2
31,44,2
31,8,3
31,25,3
31,5,3
31,21,5
31,41,3
31,14,4
31,24,2
31,45,2
31,21,2
31,21,5
31,25,5
31,2,2
31,27,2
31,21,2
31,53,3
31,48,4
31,26,2
31,37,3
31,3,2
31,59,5
31,12,3
31,47,4
31,41,3
31,3,2
31,38,2
31,46,5
31,49,3
31,12,4
31,2,2
31,49,4
32,36,4
32,23,3
32,24,3
32,9,3
32,5,2
32,52,3
32,32,5
32,55,2
32,14,3
32,21,3
32,36,5
32,45,4
32,19,3
32,26,4
32,36,2
32,34,5
32,48,3
32,20,2
32,6,5
32,20,3
32,22,4
32,30,2
32,30,5
32,43,3
32,20,3
32,47,4
32,48,4
32,10,5
32,34,3
32,23,2
32,43,3
32,29,2
32,15,3
32,46,4
33,3,2
33,58,4
33,29,5
33,42,3
33,40,2
33,10,4
33,24,4
33,42,3
33,11,5
33,11,4
33,56,2
33,57,2
33,54,3
33,27,5
33,48,3
33,56,2
33,47,3
33,40,5
33,6,2
33,31,2
33,29,3
33,47,2
33,12,4
33,30,5
33,35,2
33,56,5
33,49,4
33,55,2
33,30,3
33,34,5
33,57,3
33,3,2
33,4,4
33,36,3
33,35,2
33,43,5
33,8,4
33,46,3
33,56,2
34,58,5
34,43,3
34,38,3
34,51,4
34,27,3
34,45,4
34,11,3
34,5,2
34,57,3
34,3,3
34,12,4
34,44,4
34,4,3
34,14,4
34,1,3
34,12,4
34,28,2
34,15,3
34,41,3
34,37,3
34,46,4
34,50,5
34,39,4
34,34,4
34,36,5
35,9,5
35,17,3
35,6,4
35,43,3
35,36,2
35,29,2
35,29,2
35,54,3
35,5,3
35,26,2
35,1,2
35,26,5
35,28,4
35,49,4
35,58,5
35,31,2
35,15,2
35,20,2
35,29,4
35,17,3
35,16,2
35,38,5
35,3,4
35,50,3
35,9,4
35,43,2
35,12,4
35,59,2
35,20,2
35,9,4
35,58,5
36,43,4
36,33,4
36,55,3
36,33,4
36,6,5
36,19,3
36,9,2
36,40,5
36,24,2
36,1,2
36,1,2
36,37,2
36,32,5
36,31,2
36,44,3
36,13,5
36,59,4
36,34,3
36,15,4
36,45,3
36,40,5
36,44,4
36,22,4
36,11,3
36,49,2
36,46,4
36,12,3
36,19,3
36,42,3
36,19,3
36,42,5
36,47,3
36,55,2
37,19,2
37,50,2
37,6,2
37,19,2
37,15,5
37,51,4
37,39,4
37,14,2
37,42,5
37,52,4
37,33,2
37,53,5
37,53,2
37,15,5
37,5,3
37,54,3
37,2,3
37,52,3
37,46,4
37,30,5
37,17,3
37,55,5
37,57,3
37,13,2
37,14,3
37,36,5
37,16,4
37,44,4
37,29,5
37,12,3
37,48,3
38,48,2
38,27,2
38,43,2
38,41,2
38,18,3
38,11,3
38,16,2
38,21,4
38,59,4
38,12,3
38,35,2
38,48,5
38,25,2
38,12,5
38,22,5
38,11,2
38,37,5
38,8,4
38,45,5
38,20,2
38,51,5
38,8,5
38,43,4
38,18,4
38,24,2
38,45,3
38,2,5
38,3,4
38,2,5
38,49,5
38,48,4
38,9,5
38,28,3
38,40,3
38,3,4
38,53,3
38,38,5
38,53,3
38,58,3
38,13,5
39,23,3
39,35,4
39,59,4
39,41,4
39,57,5
39,50,4
39,27,4
39,15,3
39,4,5
39,54,4
39,40,4
39,21,3
39,34,2
39,10,5
39,22,5
39,40,3
39,18,4
39,25,3
39,4,2
39,3,4
39,16,4
39,20,3
39,50,4
39,13,4
39,41,4
39,12,3
40,41,5
40,34,3
40,3,2
40,10,5
40,50,5
40,12,5
40,21,5
40,25,3
40,22,3
40,15,3
40,5,5
40,6,2
40,36,3
40,18,4
40,52,3
40,5,5
40,49,2
40,19,4
40,20,2
40,43,3
40,52,5
40,48,2
40,50,2
40,37,4
40,38,3
40,20,2
40,49,3
40,9,2
40,35,4
40,20,4
40,27,2
40,57,2
40,23,4
40,53,5
40,16,3
40,23,3
40,53,4
40,15,4
40,37,5
40,1,4
40,5,3
40,42,2
40,42,2
40,10,4
40,18,4
40,13,3
40,5,4
41,35,5
41,21,4
41,58,4
41,56,4
41,37,3
41,50,2
41,52,4
41,24,5
41,40,2
41,17,4
41,17,4
41,8,2
41,31,2
41,12,4
41,37,2
41,33,2
41,9,4
41,5,3
41,10,2
41,35,4
41,44,2
41,15,5
41,43,3
41,52,2
42,2,3
42,58,5
42,9,5
42,19,5
42,12,3
42,28,2
42,34,2
42,57,3
42,55,2
42,36,4
42,13,5
42,33,3
42,37,3
42,8,2
42,4,3
42,18,5
42,6,2
42,53,2
42,21,5
42,17,2
42,43,4
42,49,2
42,52,5
42,11,3
42,19,4
42,4,5
42,36,4
42,14,2
42,48,2
42,53,3
43,42,5
43,37,2
43,46,5
43,34,3
43,1,5
43,25,2
43,56,4
43,2,3
43,57,2
43,10,2
43,50,5
43,19,2
43,7,3
43,39,3
43,39,2
43,28,4
43,16,5
43,50,2
43,6,4
43,28,5
43,21,3
43,44,5
43,41,3
43,36,2
43,42,4
43,24,3
43,19,5
43,20,3
43,8,5
43,49,4
43,37,2
44,50,4
44,44,3
44,7,3
44,31,3
44,42,2
44,38,2
44,41,3
44,40,3
44,57,5
44,10,2
44,28,3
44,36,5
44,5,5
44,46,3
44,48,5
44,41,3
44,13,5
44,23,2
44,28,3
44,2,3
44,26,4
44,15,2
44,27,3
44,33,4
44,53,3
44,3,5
44,43,3
44,24,4
44,4,2
44,31,4
44,11,3
44,57,4
44,52,3
44,13,5
44,1,4
44,56,4
44,41,4
44,7,4
44,5,4
45,9,2
45,3,2
45,57,4
45,14,4
45,43,5
45,39,4
45,40,3
45,3,5
45,47,4
45,23,5
45,26,4
45,7,5
45,55,5
45,43,3
45,20,4
45,59,5
45,15,3
45,53,5
45,13,2
45,55,5
45,19,2
45,21,4
45,58,2
45,16,2
45,9,3
45,18,3
45,37,5
45,49,5
45,56,5
45,59,3
45,30,3
45,32,4
45,50,5
45,3,3
45,1,3
45,18,3
45,10,3
45,46,2
45,25,3
46,27,5
46,34,3
46,25,5
46,3,4
46,18,4
46,58,2
46,18,4
46,20,4
46,27,5
46,54,5
46,26,2
46,55,5
46,44,4
46,12,5
46,10,2
46,23,4
46,7,2
46,2,5
46,2,3
46,29,2
46,39,3
46,5,5
46,4,4
46,32,2
46,48,3
46,43,4
46,6,5
46,8,5
46,56,3
46,45,3
47,26,5
47,14,1
47,32,2
47,52,1
47,52,2
47,9,2
47,37,5
47,21,5
47,55,1
47,32,4
47,24,3
47,2,2
47,42,3
47,57,3
47,23,1
47,25,1
47,10,3
47,25,2
47,45,1
47,17,3
47,59,2
47,15,2
47,44,3
47,52,5
47,54,1
47,33,2
48,52,1
48,37,4
48,22,4
48,5,2
48,20,4
48,54,1
48,44,4
48,33,1
48,24,3
48,35,3
48,45,5
48,43,5
48,51,5
48,27,5
48,43,2
48,20,2
48,1,1
48,51,5
48,54,4
48,30,1
48,38,1
48,34,1
49,25,3
49,46,3
49,41,5
49,41,2
49,13,4
49,11,1
49,7,1
49,57,1
49,26,1
49,18,4
49,15,3
49,37,4
49,49,4
49,38,1
49,43,2
49,58,5
49,49,1
49,57,1
49,31,4
49,43,5
49,47,5
49,51,5
49,11,5
49,9,4
49,33,4
49,35,1
49,4,5
49,13,3
49,59,5
49,39,1
49,11,4
49,2,1
49,26,2
49,52,5
49,9,2
49,45,2
49,27,4
49,17,1
49,2,2
49,8,3
49,21,3
49,47,3
49,50,4
49,9,4
49,41,1
50,20,3
50,38,2
50,20,5
50,37,4
50,4,1
50,7,5
50,11,3
50,45,3
50,28,5
50,31,2
50,52,4
50,30,2
50,57,4
50,44,2
50,44,2
50,32,1
50,46,2
50,10,2
50,23,5
50,45,4
50,12,5
50,30,2
50,40,3
50,58,2
50,28,2
50,54,2
50,56,1
50,12,1
50,56,3
51,49,2
51,16,2
51,24,2
51,56,2
51,28,1
51,19,5
51,24,2
51,33,3
51,57,1
51,59,5
51,41,5
51,27,2
51,42,4
51,12,5
51,32,3
51,38,5
51,1,4
51,36,2
51,53,3
51,30,5
51,8,2
51,16,2
51,6,1
51,39,4
51,46,5
51,21,3
51,33,3
51,24,1
51,39,1
51,28,4
51,18,4
51,21,3
52,43,5
52,2,2
52,47,1
52,7,2
52,42,4
52,40,4
52,26,5
52,7,2
52,23,5
52,34,5
52,29,2
52,36,2
52,53,5
52,19,1
52,31,4
52,20,4
52,19,5
52,27,2
52,48,4
52,14,1
52,31,1
52,36,5
52,48,5
52,26,1
52,26,2
52,18,4
52,40,2
52,1,4
52,11,1
53,23,3
53,24,4
53,58,4
53,55,5
53,32,2
53,10,5
53,41,2
53,24,5
53,9,2
53,30,4
53,59,5
53,17,5
53,52,2
53,4,5
53,55,5
53,10,5
53,41,5
53,2,4
53,58,1
53,21,2
53,11,1
53,36,3
53,41,2
53,42,2
53,30,1
53,5,2
53,52,4
53,12,1
53,55,5
53,37,1
53,31,2
53,46,2
53,42,2
53,26,5
53,37,3
53,42,1
53,28,2
53,20,1
53,48,2
53,55,3
53,17,1
54,38,4
54,56,2
54,1,4
54,13,4
54,32,1
54,11,3
54,55,3
54,31,2
54,37,3
54,10,1
54,53,3
54,21,3
54,55,1
54,1,5
54,31,5
54,10,3
54,20,2
54,56,5
54,19,4
54,21,1
54,10,4
54,11,4
54,26,2
54,50,2
54,7,2
54,47,3
54,45,3
54,10,2
54,50,5
54,43,1
54,16,2
54,4,4
54,6,2
54,58,4
54,36,1
54,34,5
54,20,3
54,2,1
54,21,5
54,35,4
54,26,3
54,34,1
54,41,1
54,20,5
54,36,4
55,39,4
55,58,1
55,58,5
55,4,2
55,53,5
55,46,4
55,29,3
55,55,2
55,38,3
55,23,5
55,32,3
55,46,4
55,56,3
55,17,2
55,3,2
55,8,3
55,29,2
55,2,4
55,44,3
55,26,2
55,16,1
55,2,4
55,59,2
55,35,4
55,37,1
55,17,2
55,59,3
55,3,2
55,57,3
55,28,2
55,55,4
55,50,3
55,40,5
55,25,5
55,24,3
55,48,1
56,20,2
56,15,5
56,20,4
56,57,5
56,10,4
56,2,2
56,10,4
56,11,2
56,1,1
56,15,3
56,20,5
56,47,2
56,7,2
56,39,2
56,10,4
56,41,1
56,8,3
56,54,5
56,32,1
56,27,3
56,24,2
56,28,2
56,32,2
56,43,2
56,36,1
56,51,4
56,16,5
56,28,2
56,43,1
56,48,2
56,37,4
57,59,1
57,2,2
57,53,4
57,40,1
57,4,1
57,59,2
57,13,2
57,27,1
57,55,3
57,10,4
57,2,1
57,9,2
57,46,3
57,59,1
57,4,3
57,9,3
57,20,3
57,16,3
57,10,5
57,50,3
57,19,3
57,48,1
57,18,3
57,10,2
57,51,3
57,56,4
57,19,3
57,12,1
57,16,4
57,54,4
57,56,4
57,17,5
57,58,3
57,57,4
57,1,1
57,17,1
58,50,4
58,5,2
58,4,1
58,30,2
58,49,3
58,21,2
58,13,2
58,26,4
58,4,1
58,12,4
58,48,2
58,1,3
58,59,5
58,27,2
58,14,4
58,7,1
58,7,4
58,44,2
58,49,1
58,53,1
58,34,2
58,51,3
58,17,3
58,30,2
58,15,5
58,16,1
58,31,2
58,12,3
58,40,5
58,10,2
58,12,5
58,41,1
58,28,5
58,28,5
58,40,4
58,44,4
58,5,5
58,3,2
59,25,1
59,29,5
59,23,1
59,13,2
59,28,4
59,34,1
59,56,3
59,4,5
59,51,5
59,38,4
59,34,5
59,40,5
59,8,3
59,6,4
59,44,5
59,55,1
59,19,5
59,15,1
59,16,3
59,22,2
59,35,5
59,42,2
59,39,1
59,58,5
59,41,4
59,14,3
59,51,2
59,19,1
59,42,2
59,47,5
59,57,1
59,43,1
60,42,4
60,6,1
60,29,3
60,54,4
60,17,4
60,16,2
60,26,2
60,51,4
60,35,1
60,5,3
60,33,3
60,3,1
60,58,5
60,40,4
60,41,3
60,10,4
60,51,5
60,52,2
60,10,2
60,13,3
60,8,2
61,58,5
61,49,5
61,23,3
61,31,4
61,8,3
61,38,3
61,54,4
61,13,5
61,49,2
61,7,1
61,38,5
61,34,3
61,13,2
61,3,5
61,3,2
61,38,4
61,10,4
61,4,1
61,13,4
61,46,4
61,23,5
61,8,1
61,38,2
61,14,3
61,7,5
61,10,5
61,28,1
61,44,3
61,21,5
61,4,5
61,47,4
61,34,3
61,52,2
61,54,3
61,13,5
62,36,3
62,48,1
62,47,2
62,26,5
62,52,5
62,19,3
62,46,4
62,37,5
62,31,5
62,42,2
62,29,2
62,37,1
62,52,5
62,2,4
62,36,5
62,40,4
62,43,2
62,12,5
62,8,4
62,26,5
62,48,5
62,12,2
62,59,1
62,33,3
62,9,1
62,10,2
62,8,1
62,53,2
62,21,4
63,41,3
63,33,1
63,4,1
63,17,1
63,3,3
63,4,3
63,43,5
63,42,4
63,27,4
63,37,4
63,48,1
63,2,2
63,54,3
63,4,2
63,7,1
63,57,4
63,45,1
63,16,4
63,15,3
63,4,4
63,5,1
63,33,4
63,29,1
63,28,2
63,31,4
63,40,3
63,14,5
63,40,5
63,18,5
63,49,1
63,33,2
63,48,1
63,24,3
63,12,2
64,37,5
64,1,2
64,51,3
64,16,4
64,58,2
64,19,5
64,9,3
64,8,4
64,56,4
64,12,1
64,49,3
64,50,4
64,38,4
64,19,1
64,44,4
64,33,5
64,55,4
64,48,1
64,14,3
64,16,1
64,31,5
64,27,4
64,1,3
64,54,3
64,36,1
64,51,3
64,52,5
64,55,4
64,14,2
64,13,2
64,45,1
64,4,4
64,4,1
64,3,1
64,57,3
65,30,1
65,52,4
65,59,4
65,19,5
65,31,3
65,56,5
65,42,3
65,41,2
65,30,1
65,36,3
65,37,3
65,38,2
65,22,5
65,50,2
65,38,4
65,32,4
65,19,5
65,36,4
65,12,1
65,57,1
65,44,5
65,4,4
65,47,2
65,34,5
65,43,1
65,42,4
65,33,1
65,2,1
65,49,4
65,47,2
65,10,3
65,12,2
65,12,5
65,3,1
65,9,5
65,57,4
65,26,5
65,29,1
65,6,3
65,23,1
66,58,3
66,23,3
66,41,1
66,10,3
66,17,2
66,46,5
66,7,4
66,10,3
66,12,2
66,35,3
66,2,4
66,53,1
66,5,1
66,8,1
66,20,4
66,11,4
66,46,1
66,17,2
66,7,1
66,27,5
66,14,1
66,46,5
66,9,1
66,21,1
66,26,1
66,47,4
66,24,5
66,43,1
66,42,4
66,45,1
66,21,2
67,29,3
67,31,4
67,18,3
67,11,5
67,31,3
67,1,4
67,41,3
67,30,5
67,7,3
67,29,1
67,33,1
67,52,1
67,22,3
67,3,2
67,6,5
67,40,4
67,49,2
67,57,1
67,42,2
67,18,5
67,48,3
67,48,5
67,34,1
67,30,4
67,59,5
67,59,2
67,17,2
67,55,5
67,27,1
67,50,1
67,43,4
67,46,3
67,1,1
67,16,2
67,5,2
67,36,1
67,28,2
67,40,5
68,17,3
68,6,5
68,9,2
68,55,4
68,40,3
68,24,1
68,45,4
68,55,1
68,17,2
68,47,4
68,1,3
68,53,5
68,20,4
68,15,1
68,28,4
68,29,1
68,33,2
68,51,5
68,1,2
68,3,5
68,7,4
68,25,5
68,41,1
68,56,4
68,20,2
68,37,4
68,42,1
68,49,5
68,33,5
68,43,5
68,33,4
68,39,3
68,58,2
68,45,5
68,6,3
69,48,1
69,11,3
69,42,2
69,4,2
69,42,2
69,41,1
69,56,5
69,32,2
69,31,3
69,41,3
69,22,4
69,3,1
69,3,4
69,11,5
69,2,5
69,58,1
69,42,3
69,10,2
69,37,4
69,37,1
69,15,2
69,13,1
69,53,3
69,33,1
70,40,5
70,40,5
70,41,1
70,19,5
70,21,4
70,47,2
70,8,2
70,38,1
70,38,5
70,36,4
70,59,4
70,45,1
70,33,5
70,22,5
70,41,4
70,1,2
70,26,4
70,36,3
70,20,5
70,16,3
70,9,5
70,24,3
70,52,2
70,38,3
70,17,5
70,20,1
70,5,2
70,19,3
70,17,5
70,3,1
71,12,3
71,45,3
71,7,1
71,55,1
71,5,2
71,19,1
71,32,4
71,22,1
71,6,5
71,45,5
71,38,2
71,16,4
71,36,3
71,28,5
71,47,2
71,22,4
71,12,4
71,44,5
71,5,2
71,1,2
71,25,5
71,13,2
71,39,3
71,10,5
71,55,4
71,50,2
71,46,2
71,30,4
71,46,1
71,39,2
71,53,5
71,5,1
71,8,3
71,49,4
71,29,3
71,34,3
72,8,2
72,23,1
72,36,4
72,44,4
72,57,1
72,52,2
72,33,1
72,53,2
72,25,4
72,8,4
72,22,4
72,27,5
72,35,3
72,53,4
72,16,2
72,28,4
72,31,3
72,57,3
72,13,1
72,37,3
72,43,3
72,48,1
72,15,5
72,50,2
72,9,5
72,50,4
72,24,1
72,41,2
73,12,3
73,2,2
73,7,1
73,16,3
73,17,1
73,40,5
73,29,3
73,3,4
73,20,5
73,15,4
73,50,5
73,52,1
73,5,3
73,8,2
73,58,5
73,57,2
73,53,1
73,18,1
73,26,3
73,14,2
73,55,1
73,44,2
73,57,1
74,8,1
74,11,1
74,20,2
74,59,3
74,52,1
74,35,5
74,24,2
74,53,2
74,24,3
74,50,1
74,4,3
74,13,5
74,20,5
74,39,3
74,11,1
74,29,2
74,52,3
74,49,5
74,17,2
74,17,4
74,38,3
74,48,5
74,36,4
74,39,4
74,52,2
74,5,1
74,53,1
74,53,4
74,19,4
74,33,4
74,5,3
74,31,1
74,6,2
74,25,2
74,28,4
74,31,1
74,40,4
74,38,5
74,10,3
74,5,2
74,11,3
74,56,3
75,27,5
75,41,4
75,7,2
75,51,2
75,21,2
75,35,3
75,16,4
75,39,5
75,44,5
75,31,3
75,23,4
75,29,3
75,36,3
75,17,5
75,51,1
75,2,3
75,7,5
75,39,4
75,50,1
75,37,3
75,2,5
75,30,4
75,15,1
75,8,4
75,2,5
75,42,2
75,56,2
75,53,3
76,52,2
76,54,4
76,10,3
76,29,4
76,5,1
76,41,5
76,34,4
76,43,1
76,28,4
76,9,1
76,18,3
76,2,5
76,6,3
76,5,3
76,17,2
76,15,5
76,52,3
76,33,2
76,24,1
76,41,2
76,29,3
76,31,2
76,18,3
76,45,4
76,7,4
76,51,1
76,58,2
76,28,1
76,43,4
76,24,3
76,6,4
76,7,1
76,45,1
76,50,1
76,36,2
77,1,5
77,17,5
77,59,3
77,36,2
77,24,3
77,27,1
77,31,5
77,8,3
77,25,3
77,51,2
77,12,3
77,57,5
77,46,3
77,29,3
77,35,5
77,35,1
77,27,3
77,34,4
77,59,1
77,3,2
77,21,5
77,30,4
77,1,1
77,59,1
77,41,2
77,40,3
77,21,4
77,30,3
77,2,3
77,21,5
78,40,4
78,12,4
78,23,5
78,1,4
78,4,5
78,3,5
78,11,3
78,29,1
78,8,1
78,45,3
78,25,5
78,1,4
78,44,3
78,18,1
78,44,5
78,8,2
78,56,2
78,3,5
78,11,4
78,4,4
78,22,4
78,47,1
78,42,5
78,16,4
78,50,2
78,13,4
78,49,2
78,29,5
78,44,4
78,41,3
78,13,3
78,43,5
78,43,4
78,44,3
78,30,3
78,53,3
78,2,4
79,23,1
79,1,3
79,57,5
79,10,3
79,33,3
79,25,3
79,52,4
79,3,3
79,33,5
79,24,4
79,4,2
79,11,2
79,31,5
79,51,2
79,57,4
79,16,2
79,50,1
79,49,1
79,35,5
79,7,1
79,25,5
79,32,3
79,23,2
79,7,4
79,44,1
79,7,5
79,57,2
79,9,2
79,53,2
79,21,3
79,9,3
79,19,3
79,34,3
79,15,1
80,15,4
80,40,5
80,50,3
80,35,3
80,45,2
80,14,2
80,32,2
80,26,2
80,28,1
80,58,2
80,11,2
80,15,3
80,33,1
80,25,2
80,20,2
80,59,1
80,12,2
80,17,5
80,5,4
80,17,5
80,46,4
80,14,3
80,3,1
80,37,5
80,52,3
80,38,1
80,46,2
80,32,1
80,20,1
80,4,3
80,12,1
80,11,2
80,46,3
81,42,2
81,5,4
81,13,3
81,25,3
81,30,1
81,2,4
81,11,1
81,52,3
81,54,2
81,46,1
81,24,2
81,14,4
81,17,3
81,26,2
81,29,1
81,10,3
81,37,5
81,31,2
81,9,1
81,3,2
81,23,3
81,51,5
81,49,1
82,51,2
82,52,3
82,45,1
82,17,5
82,13,2
82,30,5
82,5,5
82,43,1
82,51,2
82,15,4
82,7,4
82,13,2
82,3,4
82,32,1
82,32,4
82,33,5
82,40,1
82,54,4
82,7,2
82,7,5
82,10,5
82,29,1
82,31,5
82,26,2
83,24,1
83,58,2
83,54,2
83,49,4
83,37,4
83,45,4
83,1,5
83,46,1
83,13,3
83,56,2
83,35,5
83,7,3
83,29,2
83,18,4
83,41,3
83,27,1
83,2,5
83,21,4
83,5,1
83,22,1
83,17,2
83,38,3
83,52,3
83,11,1
83,9,4
83,59,1
83,38,1
83,28,4
83,19,5
83,45,4
83,44,4
83,49,5
84,16,1
84,48,1
84,25,5
84,15,3
84,16,1
84,33,5
84,47,3
84,8,4
84,14,5
84,57,2
84,31,3
84,12,4
84,18,1
84,22,4
84,36,2
84,19,2
84,46,2
84,7,5
84,18,4
84,14,4
84,59,5
84,8,4
84,51,5
84,51,4
84,9,5
84,35,4
84,26,3
84,28,1
84,19,4
84,39,1
84,59,1
84,39,4
84,15,4
84,47,4
84,4,3
84,33,3
85,19,3
85,43,5
85,13,1
85,1,4
85,42,3
85,19,1
85,45,1
85,32,1
85,15,1
85,14,3
85,49,3
85,12,4
85,10,4
85,42,1
85,14,5
85,54,4
85,53,1
85,41,2
85,18,3
85,32,4
85,57,2
85,53,5
85,42,2
85,37,1
85,5,1
85,24,2
85,8,5
85,34,1
85,57,5
86,16,5
86,6,1
86,57,4
86,1,1
86,6,5
86,6,3
86,45,4
86,52,5
86,27,3
86,20,3
86,23,3
86,1,4
86,5,2
86,20,3
86,56,2
86,2,5
86,52,5
86,44,4
86,18,1
86,51,1
86,54,5
86,34,1
86,24,3
86,15,4
86,13,3
86,54,3
86,29,1
86,16,5
86,10,2
86,54,1
86,11,3
86,49,5
86,50,1
86,56,2
86,54,4
86,32,2
86,12,4
86,4,1
86,49,5
86,8,3
86,59,1
86,20,4
87,41,3
87,40,1
87,23,5
87,19,4
87,46,4
87,4,4
87,57,5
87,41,2
87,37,2
87,25,4
87,2,4
87,27,4
87,41,1
87,42,4
87,47,2
87,20,3
87,39,1
87,38,1
87,15,2
87,27,3
87,56,3
87,31,5
87,5,4
87,59,4
87,35,2
87,49,3
87,31,4
87,20,3
87,15,3
87,55,5
87,46,1
87,6,1
88,5,1
88,1,3
88,44,1
88,43,2
88,26,2
88,45,1
88,3,4
88,54,2
88,14,3
88,3,2
88,37,3
88,6,5
88,1,3
88,25,2
88,24,1
88,17,1
88,43,1
88,38,1
88,37,3
88,34,4
88,38,2
88,38,1
88,32,3
88,23,2
88,45,1
88,25,1
88,20,3
89,44,4
89,46,4
89,14,2
89,46,4
89,40,3
89,20,5
89,20,3
89,17,4
89,19,3
89,33,1
89,37,1
89,4,1
89,17,4
89,18,3
89,37,2
89,29,3
89,20,2
89,59,2
89,3,5
89,35,1
89,27,2
89,15,1
89,18,3
89,15,4
89,11,5
89,49,3
89,18,5
90,58,2
90,50,1
90,50,2
90,56,3
90,25,4
90,47,5
90,33,3
90,51,5
90,44,2
90,47,4
90,48,4
90,8,2
90,15,4
90,25,3
90,41,1
90,44,1
90,20,3
90,47,4
90,51,1
90,3,2
90,39,2
90,55,3
90,21,2
90,15,3
90,23,1
90,47,3
90,29,2
90,30,1
90,31,3
90,53,3
90,49,2
91,27,4
91,22,2
91,14,5
91,14,5
91,12,3
91,5,5
91,47,1
91,1,4
91,19,4
91,49,5
91,59,1
91,13,3
91,58,3
91,4,5
91,48,2
91,28,1
91,13,4
91,3,3
91,37,1
91,10,3
91,8,2
91,26,1
91,29,4
91,41,5
91,44,4
91,9,2
91,30,1
91,18,1
91,22,1
91,14,5
91,8,2
91,6,4
91,32,2
91,44,4
91,39,2
91,47,2
91,32,1
91,23,2
91,52,5
91,53,5
91,22,5
91,5,2
92,7,5
92,57,4
92,31,5
92,44,4
92,36,3
92,37,1
92,14,3
92,40,4
92,47,5
92,12,2
92,43,3
92,14,4
92,49,4
92,15,3
92,12,5
92,19,4
92,44,3
92,42,5
92,29,3
92,1,3
92,19,1
92,48,5
92,9,1
92,27,4
92,9,5
92,12,5
92,54,4
92,41,5
92,12,3
92,6,4
92,31,5
92,27,1
92,6,1
92,55,3
92,51,2
92,29,1
92,32,3
92,30,5
93,6,3
93,45,3
93,49,2
93,21,4
93,50,2
93,27,2
93,53,2
93,5,5
93,46,4
93,31,4
93,36,5
93,44,5
93,11,5
93,34,2
93,39,1
93,35,4
93,53,1
93,47,4
93,39,5
93,23,3
93,58,4
93,58,5
93,8,2
93,15,5
93,51,5
93,18,1
93,58,2
93,9,1
93,48,5
93,24,3
93,43,1
93,4,3
93,40,2
93,54,3
93,47,5
93,24,2
93,46,1
93,25,4
94,49,3
94,43,1
94,34,2
94,56,1
94,6,2
94,54,3
94,14,2
94,26,3
94,24,2
94,54,2
94,39,3
94,21,5
94,53,1
94,12,5
94,55,4
94,35,4
94,11,3
94,53,3
94,21,3
94,45,5
94,31,2
94,44,5
94,54,4
94,24,3
94,58,1
94,38,5
94,57,2
94,40,2
94,41,4
94,19,2
94,24,2
94,23,3
94,47,5
94,2,1
94,57,4
94,26,5
94,53,4
95,29,3
95,50,4
95,4,5
95,57,2
95,34,3
95,10,4
95,34,4
95,15,3
95,33,2
95,22,5
95,4,5
95,45,3
95,21,3
95,40,4
95,31,2
95,21,1
95,22,5
95,46,4
95,25,1
95,16,4
95,42,2
95,57,3
95,23,4
95,6,4
95,53,3
95,30,4
95,53,3
95,37,3
96,53,4
96,4,3
96,38,2
96,19,5
96,26,3
96,40,1
96,50,1
96,46,3
96,33,2
96,52,1
96,8,1
96,36,5
96,14,1
96,11,1
96,24,2
96,37,2
96,13,3
96,15,3
96,2,5
96,32,3
96,47,2
96,25,2
96,44,3
96,12,4
96,35,4
96,2,1
96,24,5
96,29,2
96,29,3
96,58,5
96,24,4
96,37,2
96,52,3
96,22,4
97,25,3
97,52,5
97,12,1
97,50,1
97,8,1
97,12,4
97,52,4
97,11,4
97,59,1
97,18,3
97,24,5
97,29,3
97,9,4
97,55,2
97,10,3
97,27,4
97,37,2
97,56,3
97,46,1
97,49,3
97,41,5
97,7,5
97,56,4
97,31,4
97,10,5
97,57,4
97,8,2
97,7,4
97,53,3
97,4,2
97,31,2
97,47,2
97,1,2
97,34,4
97,14,5
97,12,2
97,3,4
97,12,4
97,37,2
97,6,2
97,41,2
98,59,2
98,40,3
98,41,2
98,18,3
98,45,5
98,30,1
98,23,5
98,49,2
98,54,4
98,38,3
98,27,2
98,50,2
98,33,1
98,42,4
98,37,2
98,32,2
98,33,3
98,56,2
98,43,3
98,47,2
98,37,5
98,48,3
98,15,1
98,48,2
98,4,4
98,8,4
98,45,5
98,36,2
98,45,5
98,34,3
98,31,5
98,55,4
99,26,4
99,21,4
99,41,5
99,49,1
99,29,3
99,22,3
99,11,4
99,40,1
99,37,1
99,2,2
99,52,1
99,34,5
99,21,3
99,31,5
99,23,5
99,27,4
99,23,4
99,56,4
99,27,5
99,1,4
99,16,5
99,45,3
99,13,4
99,36,4
99,1,4
99,30,2
99,49,2
99,55,4
99,49,5
99,11,1
99,53,3
99,43,1
99,45,4
99,32,2
99,57,4
99,36,1
99,50,3
99,1,5
99,40,4
99,43,5
99,28,3
99,4,2
99,4,5
100,18,2
100,21,3
100,54,1
100,43,3
100,42,3
100,10,3
100,39,1
100,4,5
100,50,5
100,38,2
100,16,3
100,54,1
100,57,5
100,17,5
100,13,2
100,39,2
100,5,3
100,58,5
100,25,2
100,14,1
100,38,1
100,19,1
100,19,4
100,18,2
100,58,3
100,33,2
100,14,2
100,48,5
100,10,1
101,50,2
101,44,3
101,50,3
101,44,3
101,37,2
101,1,3
101,4,1
101,3,3
101,49,1
101,30,3
101,48,3
101,30,1
101,57,5
101,11,1
101,24,4
101,51,5
101,13,5
101,51,3
101,12,4
101,51,3
101,29,5
101,20,3
101,5,1
101,11,3
101,22,3
101,42,4
101,39,3
102,21,2
102,13,2
102,40,3
102,18,5
102,38,5
102,21,2
102,25,3
102,25,2
102,3,3
102,8,1
102,46,5
102,10,2
102,43,2
102,28,5
102,7,2
102,22,5
102,38,1
102,31,1
102,59,5
102,37,2
102,2,3
102,31,3
102,50,5
102,54,4
102,2,1
102,53,3
102,7,3
102,44,3
102,53,1
102,27,1
102,13,1
102,4,2
102,22,3
102,25,3
102,24,2
103,24,5
103,12,3
103,29,1
103,51,5
103,55,1
103,15,2
103,45,5
103,19,5
103,53,3
103,1,1
103,46,1
103,36,4
103,54,3
103,44,4
103,56,5
103,17,1
103,17,2
103,56,1
103,39,3
103,24,1
103,22,2
103,57,2
103,13,5
103,1,1
103,39,4
103,50,2
103,23,5
103,35,2
103,22,1
103,49,4
103,1,4
103,7,3
103,59,3
104,21,2
104,45,2
104,18,3
104,40,4
104,23,4
104,18,2
104,12,4
104,39,1
104,28,4
104,7,2
104,25,3
104,53,3
104,27,1
104,39,5
104,28,4
104,2,2
104,44,2
104,17,2
104,44,1
104,34,4
104,52,2
104,55,3
104,28,5
104,56,1
104,31,5
104,38,1
104,5,3
104,44,3
104,29,3
104,39,3
104,29,3
104,44,5
104,33,4
105,18,1
105,47,1
105,36,2
105,1,5
105,53,3
105,36,5
105,11,1
105,11,2
105,11,4
105,15,4
105,37,5
105,36,2
105,21,4
105,30,4
105,30,1
105,32,5
105,21,4
105,51,1
105,56,3
105,57,3
105,49,4
105,13,3
105,29,5
105,52,4
105,8,2
105,19,1
105,58,5
105,37,5
105,6,3
105,6,2
105,48,3
105,11,5
105,40,5
105,23,5
105,14,2
105,21,5
105,55,5
105,22,5
105,10,5
105,12,1
105,59,4
105,26,4
105,59,3
106,24,2
106,15,5
106,17,1
106,45,5
106,50,2
106,42,5
106,1,3
106,21,3
106,52,5
106,31,2
106,21,4
106,1,2
106,40,1
106,33,2
106,15,1
106,45,2
106,5,4
106,48,2
106,51,1
106,12,5
106,59,4
106,41,1
106,42,2
106,32,3
106,14,5
106,3,2
106,19,1
106,56,3
106,7,4
106,38,5
106,2,2
106,12,3
106,28,5
106,45,4
107,51,3
107,44,5
107,54,3
107,29,2
107,9,4
107,26,3
107,38,4
107,41,2
107,24,2
107,6,4
107,20,2
107,1,2
107,30,4
107,13,3
107,58,2
107,18,1
107,33,5
107,54,2
107,16,5
107,56,3
107,35,3
107,31,4
107,49,1
107,55,2
107,21,4
107,21,2
107,37,2
107,25,3
107,24,5
107,54,2
107,20,1
107,46,2
107,58,4
107,46,5
107,22,5
107,43,4
107,21,4
107,18,1
107,44,1
107,59,3
108,31,4
108,20,2
108,24,4
108,41,5
108,28,1
108,20,5
108,42,3
108,18,5
108,53,4
108,19,1
108,30,5
108,46,1
108,4,5
108,16,3
108,15,1
108,26,4
108,17,3
108,26,2
108,12,2
108,22,4
108,46,2
108,41,3
108,56,2
108,59,3
108,16,3
108,3,3
108,30,5
108,34,1
108,9,2
108,1,5
108,58,5
108,44,4
108,38,2
108,12,5
108,6,3
109,32,3
109,11,5
109,54,1
109,36,2
109,54,5
109,43,5
109,24,3
109,25,2
109,34,3
109,49,5
109,45,5
109,15,2
109,26,3
109,18,2
109,26,3
109,57,4
109,44,5
109,48,4
109,48,1
109,21,4
109,4,5
109,29,3
109,55,1
109,46,2
109,25,4
109,32,5
109,26,1
110,46,4
110,51,1
110,34,3
110,25,2
110,37,1
110,4,2
110,12,4
110,45,3
110,27,1
110,2,4
110,8,4
110,22,2
110,39,3
110,43,4
110,13,5
110,55,3
110,27,3
110,42,2
110,47,4
110,36,4
110,31,3
110,31,5
110,33,1
110,33,2
110,23,1
110,29,3
110,2,2
110,38,4
111,9,1
111,11,3
111,51,4
111,38,3
111,26,5
111,41,5
111,26,1
111,45,1
111,16,4
111,12,4
111,11,3
111,52,1
111,1,3
111,36,3
111,44,5
111,56,4
111,41,5
111,49,4
111,3,4
111,47,5
111,53,3
111,14,3
111,1,5
111,57,4
111,1,2
111,7,4
111,49,2
112,49,1
112,46,5
112,44,3
112,5,4
112,53,4
112,33,1
112,46,4
112,5,4
112,22,3
112,58,2
112,49,2
112,52,4
112,5,4
112,37,5
112,11,1
112,45,5
112,47,4
112,37,1
112,25,3
112,39,1
112,11,2
112,14,2
112,13,2
112,10,3
112,5,2
112,20,4
112,44,5
112,34,1
112,56,1
112,29,5
113,33,4
113,17,3
113,21,5
113,38,3
113,55,3
113,44,1
113,11,1
113,18,4
113,51,2
113,49,5
113,3,2
113,56,2
113,15,3
113,44,5
113,46,4
113,56,2
113,1,4
113,58,5
113,36,1
113,43,2
113,32,1
113,28,4
113,7,2
113,2,5
113,20,4
113,41,1
113,30,5
113,17,2
113,10,1
113,20,5
113,39,1
113,38,5
113,42,4
113,27,5
113,47,4
114,17,2
114,3,2
114,7,3
114,2,3
114,16,2
114,55,4
114,7,4
114,22,2
114,9,4
114,22,2
114,24,5
114,58,2
114,33,1
114,31,3
114,59,5
114,5,1
114,35,3
114,13,2
114,43,2
114,42,5
114,52,2
114,7,5
114,32,4
114,9,5
114,47,1
114,19,2
114,51,5
114,11,3
114,3,3
114,23,4
114,30,2
114,44,3
114,15,5
115,45,4
115,32,3
115,38,5
115,25,3
115,53,4
115,11,2
115,10,3
115,29,4
115,11,4
115,59,3
115,20,3
115,42,3
115,30,3
115,42,4
115,11,4
115,50,5
115,48,5
115,44,2
115,49,5
115,45,5
115,53,3
115,31,5
115,59,1
115,23,3
115,15,4
116,3,3
116,43,4
116,34,3
116,31,1
116,47,3
116,2,4
116,5,3
116,7,1
116,30,4
116,26,4
116,51,2
116,15,2
116,4,3
116,17,2
116,21,3
116,23,2
116,58,5
116,28,1
116,9,3
116,59,1
116,23,2
116,28,5
116,58,2
116,42,2
116,32,4
116,56,3
116,14,1
116,20,4
116,43,5
116,43,3
116,15,1
116,33,1
116,22,3
116,48,3
116,27,2
116,15,3
116,47,2
116,16,2
116,3,1
117,32,2
117,1,2
117,33,4
117,31,4
117,58,5
117,42,2
117,50,3
117,50,2
117,44,2
117,58,3
117,56,2
117,10,4
117,48,3
117,5,4
117,59,4
117,36,1
117,45,5
117,2,4
117,56,5
117,7,3
117,19,1
117,38,1
117,39,5
117,43,5
117,16,2
117,22,1
117,23,4
117,30,4
117,14,3
117,42,1
117,27,4
117,45,5
117,41,4
117,52,5
117,44,1
117,22,1
118,57,5
118,38,2
118,54,2
118,41,4
118,34,2
118,19,4
118,16,4
118,1,5
118,18,2
118,14,3
118,52,2
118,54,1
118,35,5
118,54,2
118,38,3
118,33,5
118,26,4
118,32,4
118,25,4
118,18,1
118,46,2
118,55,4
118,20,2
118,21,1
118,31,5
118,12,4
118,37,3
118,9,2
118,46,4
118,1,4
118,10,5
118,33,2
118,33,4
118,55,1
119,53,3
119,20,1
119,21,3
119,17,2
119,53,4
119,33,1
119,39,2
119,14,5
119,57,3
119,1,3
119,34,4
119,58,4
119,37,2
119,8,3
119,29,3
119,15,1
119,6,1
119,57,2
119,14,2
119,51,4
119,45,2
119,32,1
119,31,4
119,1,5
119,2,1
119,23,4
119,10,1
120,27,5
120,9,5
120,15,3
120,10,5
120,18,4
120,28,5
120,22,3
120,26,5
120,13,4
120,22,1
120,56,1
120,44,3
120,16,3
120,9,4
120,25,5
120,33,4
120,23,3
120,43,5
120,18,2
120,50,3
120,19,5
120,22,1
120,52,2
120,53,4
120,40,2
120,20,1
120,16,1
120,21,2
120,40,3
120,59,2
120,28,2
120,3,1
120,10,5
121,46,2
121,36,3
121,32,3
121,20,1
121,4,3
121,22,2
121,56,3
121,40,3
121,59,5
121,7,3
121,54,4
121,30,3
121,29,5
121,17,2
121,51,4
121,26,1
121,40,2
121,38,1
121,33,5
121,52,3
121,46,1
121,19,1
121,3,4
121,32,4
121,45,5
121,32,3
121,31,3
121,24,3
121,26,3
122,6,4
122,35,4
122,52,4
122,5,2
122,52,2
122,33,4
122,33,2
122,23,3
122,47,2
122,28,2
122,26,1
122,42,4
122,58,5
122,32,4
122,40,3
122,8,1
122,52,1
122,37,4
122,21,3
122,25,1
122,38,3
122,24,4
122,20,1
122,3,4
122,48,5
122,33,2
122,20,5
122,33,1
122,8,5
122,48,5
122,26,4
123,15,1
123,15,1
123,44,1
123,24,2
123,20,4
123,33,2
123,53,1
123,18,5
123,2,1
123,48,5
123,54,4
123,19,1
123,28,1
123,54,1
123,20,1
123,5,1
123,10,2
123,41,4
123,17,1
123,46,2
123,57,4
123,45,5
123,13,1
123,57,1
123,58,3
123,16,1
123,47,1
123,45,3
123,28,1
123,56,2
123,19,2
123,34,4
123,53,2
123,24,3
124,43,3
124,31,1
124,4,5
124,55,4
124,9,3
124,7,2
124,53,3
124,33,3
124,11,2
124,15,5
124,24,1
124,4,4
124,34,4
124,2,5
124,44,1
124,27,2
124,35,2
124,40,2
124,49,1
124,37,2
124,14,4
124,27,2
124,36,5
124,56,2
124,29,4
124,8,3
124,28,3
124,22,2
124,42,1
124,39,5
124,22,3
124,50,1
124,43,5
124,27,3
124,7,5
124,10,2
124,35,2
124,59,2
124,31,5
125,21,3
125,26,4
125,22,5
125,13,3
125,48,1
125,8,4
125,54,1
125,40,1
125,48,1
125,4,5
125,25,1
125,15,3
125,48,1
125,44,5
125,40,4
125,9,5
125,33,5
125,20,5
125,18,2
125,3,4
125,37,1
125,47,3
125,9,4
125,23,1
125,35,2
125,13,2
125,30,1
125,14,1
125,12,5
125,49,2
125,36,3
125,19,5
126,47,2
126,21,4
126,56,1
126,4,1
126,55,4
126,38,3
126,49,5
126,49,2
126,20,5
126,37,5
126,34,2
126,57,1
126,26,4
126,47,4
126,28,1
126,7,5
126,23,4
126,53,3
126,16,2
126,54,4
126,36,1
126,57,5
126,43,5
126,25,5
126,22,4
126,55,5
126,13,4
126,16,1
126,56,5
126,27,4
126,28,2
126,8,2
126,14,3
126,23,2
126,40,1
126,9,5
126,24,5
126,12,4
126,26,5
126,17,1
126,29,3
127,46,2
127,57,4
127,53,1
127,6,2
127,24,2
127,5,3
127,19,4
127,25,4
127,48,4
127,31,4
127,28,4
127,42,3
127,22,2
127,14,4
127,49,1
127,29,1
127,53,3
127,9,2
127,36,3
127,25,5
127,36,1
127,20,1
127,31,4
127,4,5
127,53,2
127,49,4
127,57,3
127,1,2
127,37,3
127,7,4
127,15,2
127,42,4
127,17,5
127,47,3
128,21,1
128,49,1
128,53,5
128,58,3
128,30,2
128,28,5
128,29,1
128,47,3
128,58,5
128,58,4
128,49,4
128,48,3
128,44,4
128,17,4
128,27,3
128,48,3
128,29,4
128,10,4
128,37,5
128,41,5
128,45,1
128,1,2
128,15,1
128,37,1
128,17,2
128,40,2
128,59,2
128,29,4
128,27,4
128,38,1
128,54,4
128,30,4
128,28,2
129,56,3
129,10,5
129,58,4
129,36,1
129,52,4
129,47,3
129,5,2
129,28,2
129,47,2
129,11,3
129,47,2
129,49,4
129,23,5
129,54,4
129,48,5
129,49,2
129,14,4
129,52,2
129,15,3
129,17,5
129,13,5
129,56,5
129,13,5
129,36,5
129,46,2
129,50,4
129,11,2
129,49,2
129,31,3
129,31,2
129,4,3
129,2,5
130,17,1
130,38,5
130,29,5
130,11,2
130,11,2
130,52,4
130,39,5
130,19,4
130,46,2
130,45,2
130,24,4
130,28,3
130,6,5
130,17,3
130,12,5
130,2,2
130,30,5
130,11,4
130,10,5
130,2,2
130,16,1
130,44,5
130,56,5
130,59,4
130,22,3
130,53,3
130,58,2
130,35,4
131,34,4
131,1,5
131,23,4
131,28,4
131,33,2
131,59,5
131,18,4
131,33,2
131,1,3
131,13,1
131,49,1
131,56,2
131,4,2
131,6,2
131,9,5
131,50,4
131,21,4
131,51,2
131,47,4
131,32,1
131,53,4
131,9,2
131,4,2
131,46,4
131,13,2
131,4,2
131,57,4
131,40,2
131,38,1
131,53,1
131,7,4
131,49,1
131,12,1
131,10,3
131,1,4
131,58,5
131,1,1
131,41,1
131,27,3
132,20,5
132,27,3
132,20,5
132,35,3
132,4,3
132,47,4
132,39,3
132,36,2
132,45,1
132,12,1
132,57,4
132,49,3
132,53,3
132,24,1
132,15,1
132,39,4
132,19,2
132,36,2
132,23,1
132,45,3
132,32,3
132,58,3
132,45,1
132,24,5
132,51,5
132,17,5
132,10,5
132,41,2
133,6,4
133,29,3
133,58,4
133,30,3
133,22,4
133,6,1
133,30,1
133,7,1
133,21,3
133,32,2
133,48,1
133,46,4
133,48,2
133,42,2
133,32,2
133,25,5
133,57,5
133,43,1
133,53,5
133,43,4
133,31,4
133,28,4
133,33,3
133,8,2
133,6,5
133,21,2
133,44,5
133,10,1
133,41,3
133,6,1
133,8,5
133,7,4
133,46,3
133,21,3
134,12,5
134,57,3
134,4,1
134,53,3
134,38,2
134,41,5
134,11,4
134,58,5
134,21,3
134,47,4
134,37,4
134,12,4
134,33,3
134,30,2
134,29,1
134,54,2
134,2,3
134,56,1
134,47,3
134,56,2
134,19,3
134,35,1
134,55,3
134,2,1
134,18,2
134,3,2
134,34,4
134,47,3
134,43,2
134,43,5
134,3,4
134,18,3
134,48,3
134,52,5
134,39,5
134,8,4
134,50,4
135,35,2
135,54,4
135,50,3
135,26,1
135,42,2
135,30,1
135,8,2
135,43,5
135,27,4
135,24,4
135,19,2
135,1,4
135,48,3
135,21,2
135,31,5
135,11,2
135,10,5
135,41,4
135,13,3
135,40,5
135,33,3
135,3,5
135,9,4
135,49,5
135,29,2
135,57,1
135,20,3
135,59,2
135,18,1
135,30,4
135,52,3
135,1,5
135,19,1
135,54,2
136,24,2
136,30,1
136,30,2
136,43,1
136,44,4
136,55,2
136,44,1
136,34,4
136,20,5
136,47,2
136,17,4
136,24,4
136,51,4
136,21,2
136,33,5
136,8,4
136,20,2
136,30,3
136,46,2
136,14,2
136,5,2
136,40,4
136,41,4
136,47,3
136,56,1
136,21,3
136,2,4
136,35,1
136,58,2
136,6,1
136,3,3
136,15,2
136,16,3
136,22,2
136,59,2
136,34,1
136,29,1
136,27,2
137,54,4
137,56,5
137,25,5
137,45,3
137,14,4
137,28,5
137,27,2
137,13,5
137,6,2
137,54,3
137,49,1
137,25,3
137,45,4
137,46,1
137,3,1
137,2,1
137,51,4
137,58,5
137,13,2
137,34,5
137,8,4
137,48,4
137,41,5
137,25,1
137,30,5
137,42,3
137,8,4
137,37,1
137,7,1
137,58,4
137,15,1
137,17,3
137,11,5
137,16,3
137,33,2
138,5,2
138,49,5
138,13,4
138,9,2
138,41,3
138,54,5
138,44,2
138,31,1
138,8,2
138,53,5
138,26,3
138,26,5
138,41,5
138,30,2
138,1,4
138,40,3
138,55,1
138,50,1
138,44,4
138,23,3
138,3,1
138,54,4
138,33,5
138,31,2
138,30,3
138,58,1
138,10,1
138,20,2
138,25,4
138,44,1
138,19,3
138,33,5
138,34,5
138,54,4
138,16,4
139,45,4
139,9,5
139,14,5
139,24,3
139,5,5
139,53,3
139,55,5
139,12,2
139,37,2
139,42,2
139,49,5
139,38,2
139,4,4
139,40,5
139,45,5
139,37,1
139,29,1
139,11,2
139,17,2
139,27,1
139,49,2
139,45,4
139,43,4
139,18,2
139,59,2
139,15,4
139,2,1
139,20,4
139,17,4
139,48,3
139,48,5
139,54,5
139,41,2
139,53,1
139,55,1
140,12,2
140,1,4
140,9,1
140,45,5
140,44,3
140,56,1
140,55,1
140,48,5
140,52,4
140,35,3
140,8,4
140,3,5
140,11,4
140,15,2
140,11,1
140,59,4
140,39,1
140,2,2
140,18,3
140,3,1
140,59,1
140,37,1
140,37,5
140,2,5
140,54,5
140,15,5
140,13,3
140,46,5
140,8,5
140,13,5
140,31,1
141,55,4
141,55,3
141,44,5
141,37,5
141,6,3
141,53,4
141,13,2
141,36,3
141,29,4
141,52,1
141,43,4
141,41,3
141,2,2
141,7,5
141,25,2
141,29,3
141,3,2
141,3,3
141,47,4
141,30,2
141,55,3
141,40,1
141,46,5
141,25,5
141,3,5
141,33,5
141,46,1
141,31,3
142,45,4
142,45,3
142,12,3
142,6,3
142,46,2
142,35,3
142,55,2
142,39,1
142,51,1
142,58,3
142,28,3
142,13,1
142,5,5
142,41,1
142,34,2
142,43,3
142,7,1
142,49,1
142,42,4
142,9,5
142,41,2
142,51,5
142,52,1
142,42,2
142,44,1
142,56,1
142,5,2
142,43,4
142,55,3
142,37,1
142,1,3
142,21,4
142,30,3
142,10,5
142,22,4
142,50,1
142,13,4
142,52,3
142,10,2
142,9,2
142,17,4
142,55,3
142,10,4
142,25,2
142,13,5
142,28,2
143,23,5
143,41,4
143,31,1
143,29,2
143,21,5
143,30,1
143,24,2
143,36,1
143,34,4
143,42,2
143,32,5
143,36,4
143,30,2
143,26,5
143,3,4
143,31,3
143,4,5
143,24,1
143,26,5
143,38,5
143,48,3
143,3,4
143,26,3
143,15,1
143,18,2
143,32,3
143,19,5
143,44,5
143,22,2
143,57,5
143,56,5
143,10,1
143,32,1
143,59,5
143,31,2
143,1,3
143,52,2
143,11,2
143,41,2
143,33,5
143,46,3
143,58,2
143,43,2
143,30,4
143,31,5
143,52,4
143,5,5
144,57,5
144,53,2
144,5,5
144,10,2
144,20,3
144,27,5
144,33,5
144,24,3
144,49,4
144,43,4
144,54,3
144,4,1
144,25,2
144,34,3
144,50,1
144,59,5
144,11,2
144,23,2
144,14,3
144,29,5
144,28,2
144,23,1
144,41,4
144,37,2
144,50,4
144,27,2
144,26,2
144,29,5
144,26,2
144,45,3
144,43,4
144,50,2
144,37,2
144,2,4
144,49,3
144,21,1
144,23,5
144,57,3
144,33,4
144,57,5
144,12,2
145,26,2
145,47,2
145,48,1
145,14,1
145,4,3
145,26,4
145,10,3
145,2,5
145,40,5
145,36,2
145,21,3
145,21,3
145,33,2
145,44,5
145,45,1
145,59,1
145,6,5
145,19,3
145,24,2
145,59,4
145,52,3
145,12,2
145,42,1
145,25,2
145,27,4
145,33,1
145,17,3
145,5,3
145,54,3
145,5,4
145,46,4
145,8,3
145,50,3
145,50,5
145,56,4
145,23,2
145,36,2
146,11,2
146,8,1
146,49,2
146,54,2
146,21,2
146,49,2
146,13,1
146,11,3
146,38,3
146,22,1
146,12,1
146,2,4
146,18,5
146,30,2
146,23,4
146,39,3
146,58,3
146,46,5
146,44,2
146,20,1
146,31,2
146,42,5
146,14,1
146,45,1
146,37,2
146,32,1
146,17,3
146,37,5
146,23,3
146,1,2
146,4,5
146,51,1
146,13,3
146,32,2
146,15,4
146,8,2
146,51,5
146,44,1
146,54,5
146,14,2
147,56,3
147,29,4
147,7,2
147,55,5
147,55,2
147,31,2
147,20,4
147,8,4
147,12,1
147,21,1
147,50,4
147,25,2
147,41,1
147,24,2
147,54,5
147,18,5
147,35,1
147,20,2
147,23,4
147,50,4
147,24,2
147,45,2
147,38,4
147,32,4
147,51,1
147,24,4
147,30,5
147,49,1
147,30,4
147,34,5
147,14,2
147,26,2
147,24,3
148,16,1
148,30,1
148,26,2
148,36,5
148,44,2
148,50,3
148,29,3
148,48,1
148,32,3
148,6,5
148,1,3
148,9,4
148,38,3
148,47,1
148,16,5
148,36,1
148,17,4
148,11,1
148,54,3
148,6,4
148,36,5
148,6,4
148,49,3
148,55,5
148,14,2
148,49,4
148,15,2
148,59,3
148,46,3
148,33,2
149,35,4
149,52,2
149,25,1
149,34,2
149,7,5
149,40,1
149,3,1
149,43,2
149,37,2
149,31,5
149,24,2
149,23,1
149,33,1
149,59,2
149,26,2
149,46,3
149,41,4
149,8,1
149,43,4
149,56,3
149,13,2
149,21,2
149,32,3
149,11,4
149,47,5
149,58,1
149,24,5
149,20,5
149,4,5
149,31,2
149,47,3
149,35,5
149,20,3
149,24,4
149,43,5
149,50,2
150,32,3
150,23,3
150,33,2
150,44,2
150,57,2
150,20,4
150,16,5
150,46,4
150,8,4
150,3,4
150,18,4
150,54,2
150,14,5
150,50,3
150,21,5
150,48,4
150,33,1
150,51,3
150,22,1
150,7,5
150,35,4
150,26,5
150,3,4
150,27,4
150,3,3
150,46,2
150,52,5
150,58,5
150,25,4
150,57,4
150,59,2
150,9,2
151,40,1
151,48,5
151,4,3
151,57,5
151,43,5
151,7,3
151,9,3
151,52,5
151,11,1
151,12,4
151,29,5
151,55,3
151,45,1
151,27,4
151,52,2
151,49,4
151,36,5
151,9,3
151,50,5
151,46,2
151,47,1
151,25,4
152,28,2
152,25,5
152,12,5
152,48,3
152,45,5
152,3,3
152,48,5
152,43,2
152,28,3
152,12,5
152,40,2
152,18,1
152,42,5
152,50,2
152,35,3
152,33,2
152,45,3
152,5,1
152,35,4
152,29,3
152,43,2
152,10,3
152,57,1
152,37,5
152,8,5
152,33,2
152,24,3
152,4,2
152,16,3
152,52,1
153,13,1
153,59,4
153,18,3
153,15,1
153,58,3
153,45,1
153,28,1
153,42,3
153,1,3
153,4,2
153,45,2
153,23,5
153,33,5
153,45,1
153,28,1
153,31,4
153,43,5
153,10,4
153,4,3
153,38,5
153,15,4
153,19,3
153,4,1
153,39,1
153,45,1
154,56,3
154,2,3
154,16,5
154,12,5
154,33,5
154,50,4
154,24,3
154,40,5
154,57,4
154,9,1
154,6,1
154,9,4
154,49,4
154,17,5
154,43,3
154,12,5
154,9,3
154,42,1
154,6,4
154,25,1
154,50,3
154,29,1
154,37,4
154,6,5
154,39,3
154,40,4
154,26,2
154,11,2
154,53,4
155,2,4
155,59,1
155,52,4
155,53,2
155,32,1
155,27,3
155,6,4
155,51,2
155,32,2
155,53,1
155,11,2
155,36,5
155,17,3
155,11,1
155,52,2
155,40,4
155,13,1
155,31,4
155,53,3
155,34,3
155,15,1
155,2,2
155,54,4
155,10,1
155,15,4
155,13,3
155,36,2
155,57,1
155,40,5
155,50,5
156,43,2
156,22,1
156,20,4
156,30,3
156,48,5
156,17,3
156,19,5
156,20,4
156,18,4
156,33,1
156,6,3
156,12,4
156,59,1
156,38,1
156,44,5
156,31,2
156,49,5
156,47,2
156,47,5
156,22,1
156,25,1
156,41,3
156,49,4
156,30,5
156,45,1
156,23,3
156,57,5
156,58,5
156,21,4
157,54,5
157,9,3
157,31,1
157,52,5
157,10,3
157,25,2
157,59,3
157,53,1
157,19,1
157,18,3
157,20,2
157,21,4
157,35,5
157,56,5
157,51,1
157,37,3
157,59,1
157,5,1
157,57,5
157,39,1
157,44,5
157,25,3
157,16,4
157,6,3
157,37,4
157,14,5
157,53,3
157,58,2
157,8,3
157,1,3
157,10,5
157,32,4
157,12,3
157,24,2
157,57,5
157,38,1
157,31,3
157,33,4
157,51,4
157,22,4
157,27,3
157,43,4
157,40,3
158,47,1
158,36,5
158,18,5
158,42,5
158,12,3
158,36,5
158,36,1
158,56,2
158,19,1
158,39,3
158,45,3
158,18,4
158,10,2
158,31,3
158,25,1
158,51,4
158,39,5
158,9,3
158,45,1
158,16,2
158,38,1
158,39,3
158,20,1
158,18,2
158,2,1
158,28,5
158,54,3
158,48,1
158,46,4
158,3,5
158,59,4
158,51,2
158,10,5
159,46,2
159,52,4
159,52,5
159,40,1
159,31,1
159,44,1
159,43,2
159,50,2
159,39,2
159,47,4
159,24,2
159,23,4
159,10,1
159,36,5
159,12,1
159,55,3
159,14,4
159,11,1
159,20,5
159,54,2
159,16,3
159,30,1
159,54,5
159,23,1
159,41,5
159,1,5
159,7,3
159,15,4
159,52,4
159,14,1
159,26,2
159,59,4
159,38,2
159,1,4
159,46,2
159,40,1
159,6,3
159,29,3
159,15,4
159,9,3
159,52,1
160,30,5
160,7,1
160,2,1
160,42,1
160,19,3
160,17,5
160,56,1
160,19,1
160,33,2
160,51,5
160,9,2
160,15,1
160,12,3
160,10,1
160,57,2
160,49,2
160,56,3
160,54,2
160,36,2
160,51,5
160,46,4
160,48,5
160,54,2
160,57,5
160,56,3
160,15,3
160,16,2
160,14,5
160,58,4
160,38,3
160,4,1
160,2,3
160,49,5
160,7,5
160,37,2
160,44,2
160,18,2
160,32,2
160,43,2
161,47,1
161,37,2
161,36,3
161,12,4
161,3,3
161,43,1
161,15,5
161,53,2
161,40,4
161,56,5
161,59,5
161,36,3
161,28,4
161,20,4
161,11,5
161,2,1
161,16,5
161,23,5
161,18,2
161,43,1
161,36,2
161,44,5
161,27,1
161,15,4
161,7,4
161,48,5
161,1,1
161,48,4
161,17,1
161,34,1
161,47,1
162,48,5
162,27,2
162,32,3
162,44,3
162,45,5
162,24,3
162,52,3
162,5,2
162,38,5
162,48,5
162,53,2
162,40,1
162,36,5
162,7,4
162,33,4
162,49,2
162,45,2
162,28,5
162,42,3
162,47,4
162,50,2
162,13,1
162,18,3
162,13,4
162,17,4
162,13,3
162,13,1
162,37,3
162,21,3
162,23,5
162,2,2
162,18,4
163,23,5
163,30,1
163,13,4
163,11,4
163,39,1
163,42,4
163,38,5
163,56,3
163,15,1
163,27,2
163,6,5
163,17,3
163,8,1
163,9,5
163,1,4
163,6,3
163,8,1
163,17,5
163,18,3
163,49,3
163,57,1
163,36,5
163,34,1
163,53,5
163,28,1
163,31,2
163,21,5
163,15,2
163,29,5
163,47,2
163,18,5
163,26,5
163,41,2
163,56,1
164,14,4
164,34,2
164,22,5
164,45,3
164,41,4
164,58,2
164,30,1
164,41,1
164,55,4
164,11,4
164,30,3
164,55,4
164,35,3
164,27,1
164,49,4
164,50,5
164,57,4
164,45,5
164,29,5
164,4,1
164,3,4
164,35,2
164,57,1
164,21,3
164,3,1
164,3,5
164,59,1
164,50,2
164,21,2
164,11,3
164,47,3
164,24,2
164,42,5
164,25,3
164,58,3
165,36,4
165,10,5
165,8,5
165,43,1
165,6,3
165,44,5
165,21,4
165,7,4
165,50,4
165,29,2
165,55,1
165,59,2
165,53,2
165,25,3
165,51,4
165,13,2
165,37,3
165,33,5
165,58,3
165,6,5
165,50,4
165,14,4
165,32,5
165,20,1
165,29,3
165,48,2
165,37,2
165,52,2
165,12,2
165,10,5
165,7,4
165,17,1
165,15,5
165,25,2
165,44,4
166,13,3
166,14,1
166,27,3
166,41,2
166,56,1
166,11,2
166,30,4
166,2,5
166,8,1
166,43,1
166,37,5
166,10,1
166,22,4
166,44,5
166,23,5
166,49,4
166,44,3
166,42,4
166,48,4
166,13,3
166,50,4
166,41,2
166,37,3
166,2,4
166,15,1
166,1,5
166,42,1
166,46,4
166,16,4
167,45,4
167,4,2
167,19,2
167,11,5
167,4,4
167,25,3
167,10,4
167,35,2
167,16,4
167,57,2
167,23,1
167,22,4
167,30,1
167,55,4
167,42,4
167,36,4
167,33,3
167,13,4
167,42,5
167,4,1
167,22,4
167,17,3
167,27,4
167,7,5
167,34,3
167,15,3
167,49,4
167,2,3
167,32,3
167,39,2
167,30,3
167,30,2
167,35,2
167,43,5
167,19,1
167,22,3
167,14,1
167,19,4
167,12,5
167,6,5
168,49,5
168,14,5
168,44,4
168,31,5
168,36,4
168,29,5
168,31,4
168,41,1
168,36,1
168,2,3
168,33,4
168,5,4
168,6,4
168,37,4
168,28,1
168,48,2
168,51,2
168,21,2
168,18,1
168,14,5
168,25,3
168,15,1
168,22,2
168,43,5
168,59,4
168,53,3
168,24,3
168,25,5
168,39,3
168,31,2
168,58,5
168,15,4
168,48,1
168,6,5
168,42,4
168,34,2
168,47,3
168,33,5
168,9,4
168,58,5
168,31,3
168,59,4
168,31,3
169,50,2
169,13,1
169,32,3
169,6,5
169,27,4
169,30,5
169,17,5
169,17,2
169,45,2
169,13,5
169,29,4
169,59,1
169,59,3
169,12,3
169,1,4
169,7,1
169,24,5
169,56,1
169,40,1
169,1,1
169,19,3
169,28,5
169,42,1
169,33,5
169,40,1
169,57,5
169,57,2
169,59,4
169,46,4
169,53,5
169,50,3
170,48,3
170,48,1
170,28,1
170,4,4
170,47,4
170,24,1
170,5,4
170,4,2
170,30,4
170,32,2
170,31,3
170,13,4
170,13,2
170,46,4
170,47,2
170,18,2
170,29,1
170,16,5
170,29,1
170,30,3
170,23,2
170,59,2
170,13,2
170,6,5
170,56,2
170,44,5
170,20,1
170,8,1
170,18,4
170,45,3
170,35,3
170,1,3
170,32,4
170,6,3
170,25,5
170,29,2
170,21,2
170,51,1
170,8,5
170,31,1
170,13,1
171,41,4
171,52,2
171,28,1
171,22,4
171,11,3
171,27,2
171,50,5
171,58,4
171,32,5
171,51,4
171,43,1
171,24,3
171,48,5
171,51,3
171,57,3
171,11,4
171,11,4
171,55,3
171,14,2
171,1,5
171,2,1
171,26,1
171,30,4
171,43,3
171,33,4
171,59,1
171,38,2
171,24,3
171,2,2
171,24,1
171,18,2
171,5,5
172,3,2
172,3,5
172,25,1
172,45,5
172,56,2
172,49,3
172,6,2
172,7,2
172,9,3
172,25,4
172,48,5
172,13,3
172,6,2
172,29,4
172,49,3
172,15,3
172,9,1
172,54,3
172,2,4
172,15,2
172,50,5
172,25,2
172,39,3
172,40,3
172,25,3
172,8,2
172,3,3
172,44,2
172,31,4
172,6,4
172,18,3
173,16,3
173,19,2
173,11,1
173,55,5
173,8,2
173,18,4
173,4,3
173,42,3
173,40,1
173,53,2
173,53,5
173,26,2
173,19,5
173,33,2
173,21,3
173,29,4
173,40,4
173,23,2
173,31,2
173,21,3
173,1,1
173,30,3
173,39,5
173,45,1
173,3,2
173,30,5
173,28,1
173,51,4
173,38,4
173,32,4
173,11,1
173,30,1
173,8,4
173,8,1
173,57,1
173,24,2
173,31,1
173,9,1
174,17,2
174,57,2
174,5,2
174,37,5
174,37,2
174,26,3
174,47,1
174,47,2
174,27,3
174,58,5
174,21,5
174,10,2
174,9,2
174,51,5
174,20,3
174,23,1
174,11,5
174,53,1
174,42,3
174,36,4
174,40,1
174,47,1
174,8,3
174,31,4
174,4,3
174,13,1
174,24,5
174,42,3
174,6,2
174,40,4
174,19,2
174,52,5
174,36,1
174,4,5
175,31,5
175,27,2
175,28,2
175,36,3
175,23,4
175,48,3
175,40,4
175,15,4
175,13,3
175,28,1
175,6,1
175,59,1
175,39,2
175,1,5
175,26,2
175,16,2
175,25,4
175,19,5
175,58,3
175,23,2
175,39,3
175,36,5
175,9,5
175,35,5
175,41,5
175,49,5
175,9,3
175,10,3
175,44,4
175,28,1
175,10,3
175,53,1
175,59,3
175,24,2
175,34,4
175,50,3
176,54,5
176,27,4
176,53,1
176,45,3
176,14,4
176,22,3
176,57,5
176,16,4
176,29,1
176,41,5
176,23,3
176,11,4
176,47,5
176,35,5
176,20,1
176,50,1
176,55,1
176,55,5
176,5,2
176,40,1
176,28,5
176,43,1
176,8,3
176,57,5
176,33,5
176,3,2
176,34,1
176,33,1
176,8,5
176,14,1
177,1,1
177,30,4
177,57,5
177,14,4
177,44,3
177,37,1
177,53,4
177,58,4
177,18,2
177,39,4
177,31,3
177,35,1
177,47,5
177,54,4
177,33,3
177,8,5
177,44,4
177,20,3
177,56,3
177,22,1
177,4,4
177,59,5
177,49,4
177,7,5
177,47,5
177,17,1
177,46,3
177,55,3
177,10,2
178,56,5
178,39,2
178,45,4
178,42,4
178,47,1
178,40,3
178,15,3
178,8,3
178,42,2
178,56,1
178,10,5
178,33,3
178,22,1
178,31,3
178,46,4
178,25,5
178,50,1
178,55,4
178,49,5
178,53,3
178,41,3
178,20,3
178,4,1
178,4,1
178,44,4
178,47,2
178,40,1
178,33,5
178,36,5
178,9,5
178,57,3
178,49,4
178,59,4
178,32,2
178,4,3
178,33,4
178,59,1
178,22,1
179,22,1
179,33,4
179,40,1
179,2,1
179,58,3
179,8,5
179,19,1
179,20,2
179,9,2
179,15,4
179,32,3
179,15,3
179,49,5
179,43,2
179,8,4
179,18,2
179,31,4
179,37,5
179,19,1
179,48,4
179,8,2
179,55,3
179,50,3
179,40,5
179,45,5
179,11,4
179,38,1
179,47,5
179,57,1
179,1,1
179,24,5
179,2,2
179,37,4
179,50,5
179,18,2
179,12,1
179,51,1
179,22,5
179,8,5
179,55,4
179,12,4
179,39,2
180,1,4
180,35,3
180,32,3
180,51,5
180,4,4
180,7,1
180,9,4
180,58,5
180,45,1
180,2,2
180,38,1
180,23,3
180,29,3
180,4,4
180,33,1
180,33,1
180,30,3
180,25,5
180,22,1
180,3,2
180,43,3
180,8,1
180,13,3
180,31,1
180,46,3
181,48,5
181,5,3
181,43,4
181,7,2
181,36,1
181,55,3
181,15,1
181,32,3
181,3,5
181,5,5
181,7,5
181,25,4
181,27,1
181,41,4
181,34,4
181,38,1
181,7,2
181,32,4
181,1,2
181,35,2
181,57,4
181,42,2
181,33,1
181,45,5
181,33,4
181,11,3
181,22,5
181,49,1
181,30,4
181,34,2
181,58,2
181,16,1
181,25,4
181,19,5
181,51,3
181,40,1
181,14,2
182,11,2
182,45,1
182,9,5
182,19,1
182,47,4
182,52,3
182,51,3
182,47,3
182,3,2
182,27,4
182,34,1
182,50,4
182,12,2
182,11,1
182,2,3
182,18,2
182,43,5
182,43,1
182,3,5
182,38,1
182,6,4
182,13,3
182,55,2
182,32,3
182,49,5
182,27,4
182,38,4
182,26,5
182,49,3
182,51,2
182,50,3
182,6,4
182,17,2
182,52,3
182,59,4
182,48,1
182,40,1
183,38,2
183,1,5
183,32,3
183,39,2
183,13,4
183,56,4
183,33,3
183,18,3
183,21,1
183,47,4
183,21,1
183,5,3
183,5,2
183,51,1
183,11,1
183,42,1
183,41,3
183,3,3
183,53,3
183,5,1
183,5,4
183,49,1
183,17,1
183,25,5
183,26,2
183,16,5
183,6,2
183,26,4
184,22,3
184,9,1
184,16,4
184,34,5
184,6,2
184,11,3
184,57,2
184,50,4
184,26,5
184,21,2
184,43,5
184,56,5
184,25,1
184,54,4
184,11,3
184,55,5
184,50,3
184,42,4
184,54,1
184,51,3
184,48,2
184,29,1
184,58,3
184,24,1
184,41,2
184,16,3
184,17,2
184,24,3
184,1,2
184,55,3
184,52,4
184,21,4
184,8,2
184,35,5
184,59,3
184,16,4
184,54,4
184,55,5
184,17,3
184,42,2
184,36,3
184,1,1
184,46,3
184,41,2
185,33,2
185,56,4
185,18,2
185,37,3
185,37,4
185,37,1
185,36,1
185,4,5
185,40,3
185,16,3
185,34,4
185,27,4
185,57,3
185,41,5
185,55,4
185,30,5
185,21,1
185,48,2
185,42,2
185,28,1
185,38,2
185,43,1
185,49,1
185,27,2
185,10,3
185,41,5
185,24,3
185,25,4
185,5,2
185,15,3
185,35,5
185,2,2
185,58,4
185,36,4
186,29,1
186,1,5
186,9,4
186,55,4
186,53,5
186,28,1
186,35,5
186,45,1
186,11,3
186,52,5
186,27,4
186,4,4
186,44,2
186,43,4
186,35,4
186,47,3
186,31,5
186,22,4
186,52,4
186,10,4
186,52,4
186,24,2
186,48,5
186,4,2
186,39,2
186,28,1
186,27,3
186,55,1
186,40,3
186,5,3
187,17,4
187,53,3
187,1,1
187,19,3
187,27,4
187,47,5
187,54,2
187,35,5
187,56,1
187,21,3
187,47,2
187,34,2
187,37,3
187,27,1
187,47,2
187,56,3
187,18,2
187,53,5
187,27,3
187,23,1
187,56,2
187,31,1
187,49,3
187,49,3
187,45,2
187,7,3
187,56,5
187,49,2
187,56,3
187,11,2
187,59,4
187,33,2
187,12,4
187,34,3
187,13,3
187,44,5
187,35,3
187,42,5
187,9,5
188,43,4
188,29,5
188,33,1
188,42,3
188,18,1
188,49,1
188,50,2
188,1,5
188,49,1
188,9,3
188,12,1
188,59,4
188,5,3
188,54,2
188,27,3
188,35,1
188,32,1
188,31,4
188,36,1
188,51,4
188,55,2
188,42,3
188,25,3
188,51,4
188,29,1
188,17,4
188,32,2
188,22,1
188,52,1
189,21,5
189,43,5
189,28,4
189,54,5
189,45,3
189,16,2
189,30,5
189,50,3
189,42,3
189,11,5
189,24,5
189,58,2
189,39,3
189,12,1
189,8,4
189,27,1
189,33,2
189,51,3
189,24,3
189,50,4
189,16,5
189,58,5
189,12,3
189,8,2
189,6,4
189,20,1
189,37,2
189,51,1
189,11,5
189,37,1
189,17,3
189,38,4
189,41,5
189,23,4
190,15,3
190,34,4
190,3,5
190,20,5
190,56,5
190,49,3
190,2,4
190,21,5
190,55,4
190,26,2
190,11,4
190,2,5
190,10,2
190,3,2
190,7,2
190,3,2
190,10,5
190,33,1
190,51,3
190,11,1
190,22,3
190,23,2
190,24,5
190,2,1
190,54,1
190,27,5
190,37,3
190,37,1
190,48,1
190,47,4
190,13,1
191,33,5
191,6,3
191,19,1
191,47,2
191,33,5
191,14,5
191,38,1
191,31,4
191,47,1
191,27,5
191,36,3
191,21,4
191,59,2
191,18,5
191,43,2
191,6,3
191,5,2
191,9,1
191,1,1
191,35,1
191,23,5
191,51,3
191,58,4
191,39,2
191,6,4
191,33,3
191,46,3
192,12,2
192,23,3
192,51,3
192,36,2
192,48,1
192,40,1
192,8,1
192,1,5
192,20,5
192,16,4
192,19,4
192,24,4
192,14,1
192,45,2
192,9,1
192,54,1
192,24,2
192,25,1
192,12,3
192,36,5
192,35,1
192,16,3
192,4,4
192,21,5
192,6,5
192,1,5
192,46,2
192,14,4
192,21,2
192,21,4
192,47,2
192,42,4
192,56,3
192,22,3
192,18,5
192,17,1
193,8,1
193,46,5
193,20,4
193,6,2
193,6,2
193,10,1
193,27,2
193,54,3
193,40,2
193,48,1
193,56,5
193,34,4
193,43,2
193,39,1
193,52,1
193,7,4
193,54,1
193,17,2
193,54,4
193,49,3
193,45,4
193,31,3
193,20,4
193,55,2
193,11,2
193,57,5
193,58,5
193,2,3
193,42,5
193,45,2
193,24,3
193,32,4
194,39,5
194,26,5
194,45,4
194,20,2
194,30,4
194,14,3
194,36,1
194,17,3
194,56,5
194,31,5
194,3,4
194,49,1
194,57,1
194,29,1
194,23,1
194,28,4
194,58,1
194,11,2
194,46,5
194,46,1
194,39,5
194,13,4
194,25,3
194,23,3
194,45,4
194,8,1
194,28,1
194,46,5
194,50,2
194,17,2
194,14,5
194,39,5
194,12,1
194,11,5
194,15,2
194,49,1
194,34,2
194,36,4
194,54,1
194,19,5
195,3,3
195,31,3
195,23,1
195,25,2
195,5,4
195,53,2
195,16,3
195,23,2
195,10,3
195,38,3
195,50,4
195,49,4
195,52,3
195,5,3
195,52,5
195,35,4
195,18,3
195,35,1
195,48,3
195,29,4
195,5,1
195,33,2
195,13,5
195,16,1
195,6,1
195,4,1
195,19,4
195,58,1
195,9,1
195,59,5
195,29,1
195,58,4
195,40,4
195,2,5
195,13,5
195,39,2
195,25,5
195,38,2
195,59,2
195,1,3
196,17,3
196,24,2
196,40,2
196,50,3
196,40,5
196,8,3
196,32,5
196,54,3
196,26,4
196,35,2
196,39,5
196,4,2
196,41,4
196,30,5
196,16,2
196,41,1
196,46,5
196,49,2
196,17,5
196,39,1
196,7,5
196,59,5
196,54,2
196,43,4
196,26,1
196,29,2
196,15,2
196,37,1
196,46,4
196,20,1
197,55,4
197,57,1
197,18,1
197,27,4
197,33,3
197,19,3
197,37,5
197,56,2
197,28,5
197,7,1
197,47,3
197,48,2
197,51,3
197,3,1
197,21,2
197,44,5
197,50,1
197,3,5
197,30,5
197,46,4
197,25,5
197,56,4
197,22,3
197,21,2
197,34,4
197,22,5
198,9,5
198,24,1
198,38,2
198,31,3
198,19,3
198,40,4
198,15,4
198,27,3
198,1,2
198,8,3
198,37,5
198,42,2
198,12,2
198,52,3
198,25,5
198,15,4
198,49,3
198,43,3
198,47,3
198,22,2
198,54,3
198,7,5
198,38,2
198,35,1
198,17,1
198,17,2
198,48,1
198,51,1
198,2,2
198,19,3
198,48,3
198,2,3
198,56,4
198,51,3
198,52,1
198,59,5
198,27,2
198,21,1
198,5,5
198,43,4
198,39,4
199,30,4
199,1,3
199,31,5
199,14,4
199,22,3
199,16,2
199,32,3
199,56,3
199,36,3
199,4,2
199,44,4
199,44,3
199,33,5
199,10,1
199,48,2
199,13,4
199,9,1
199,54,5
199,36,2
199,39,3
199,21,2
199,15,4
199,52,3
199,44,3
199,15,3
199,29,4
199,14,1
199,5,1
199,31,1
199,58,4
200,23,3
200,24,5
200,26,2
200,37,2
200,27,1
200,20,1
200,8,2
200,8,2
200,8,2
200,42,1
200,30,2
200,30,3
200,6,4
200,11,4
200,36,4
200,18,1
200,1,3
200,6,1
200,1,3
200,4,4
200,32,4
200,48,2
200,52,1
200,44,5
200,30,2
200,55,5
200,44,4
200,38,1
200,59,2
200,44,3
200,50,5
200,28,1
200,15,5
200,47,4
200,21,5
200,13,2
200,57,4
200,2,3
200,41,2
201,54,5
201,48,5
201,55,5
201,21,3
201,33,3
201,39,3
201,57,4
201,26,3
201,57,3
201,14,2
201,34,3
201,39,3
201,34,2
201,59,2
201,36,2
201,6,3
201,11,5
201,8,5
201,4,2
201,16,4
201,35,5
201,2,1
201,15,2
201,25,2
201,11,5
201,14,2
201,3,2
201,49,3
201,41,5
201,42,1
201,55,4
201,19,4
201,41,2
201,3,5
201,11,1
201,15,3
202,51,2
202,7,4
202,37,4
202,44,5
202,12,4
202,53,1
202,39,5
202,42,2
202,19,4
202,5,4
202,43,1
202,27,4
202,51,3
202,42,4
202,25,1
202,49,5
202,35,2
202,11,2
202,34,5
202,24,3
202,9,1
202,29,5
202,33,1
202,58,5
202,28,1
202,24,5
202,28,5
202,27,3
202,24,1
202,2,2
202,10,4
202,15,2
202,12,5
202,46,5
202,47,2
203,29,1
203,43,4
203,44,3
203,5,5
203,50,1
203,59,3
203,47,3
203,49,2
203,42,2
203,52,5
203,16,5
203,33,2
203,42,4
203,59,5
203,49,3
203,8,2
203,55,1
203,7,2
203,49,5
203,55,2
203,54,2
203,29,3
203,6,5
203,59,3
203,30,4
203,41,3
203,50,2
203,42,4
203,38,2
203,19,2
204,55,3
204,23,3
204,45,4
204,58,2
204,47,2
204,19,3
204,40,4
204,10,2
204,34,5
204,23,2
204,20,4
204,18,5
204,43,1
204,47,3
204,2,3
204,53,3
204,24,5
204,5,1
204,10,3
204,39,3
204,11,1
204,5,4
204,17,5
204,30,3
204,20,1
204,19,1
204,44,5
204,21,1
204,53,4
204,7,2
204,11,4
204,12,2
204,9,4
204,42,5
204,45,2
204,44,3
204,27,3
205,6,4
205,38,3
205,47,2
205,24,5
205,45,3
205,22,3
205,6,2
205,15,2
205,3,4
205,32,3
205,40,3
205,41,4
205,51,2
205,34,2
205,14,5
205,57,4
205,5,1
205,9,4
205,58,2
205,53,1
205,10,5
205,40,4
205,6,5
205,9,4
205,59,4
206,53,4
206,10,1
206,53,2
206,54,4
206,12,1
206,24,5
206,42,3
206,26,1
206,22,1
206,33,1
206,28,2
206,49,3
206,47,3
206,21,5
206,31,5
206,33,4
206,29,3
206,36,4
206,10,2
206,17,3
206,2,5
206,53,3
206,12,5
206,18,2
206,43,2
206,59,1
206,54,1
206,13,5
206,11,3
206,8,1
206,39,2
206,43,3
206,28,5
206,31,5
206,37,4
206,43,4
206,12,4
206,46,5
206,42,1
206,41,3
207,50,4
207,46,5
207,18,2
207,39,5
207,41,4
207,35,3
207,2,5
207,49,5
207,56,3
207,50,2
207,58,2
207,30,1
207,57,3
207,15,1
207,11,5
207,58,2
207,56,4
207,12,4
207,3,1
207,34,2
207,53,2
207,38,2
207,15,5
207,11,3
207,56,1
207,37,2
207,31,5
207,30,4
208,58,1
208,6,4
208,8,1
208,19,4
208,23,5
208,6,4
208,18,4
208,57,1
208,43,4
208,37,5
208,50,1
208,47,3
208,32,3
208,1,4
208,18,4
208,14,2
208,52,1
208,23,2
208,32,4
208,7,5
208,25,1
208,43,5
208,40,4
208,15,2
208,28,4
208,43,1
208,6,1
208,41,4
208,8,5
208,7,2
208,1,4
208,29,4
208,3,5
208,47,3
208,21,5
208,5,4
208,17,4
208,53,4
209,10,4
209,27,5
209,18,4
209,27,5
209,47,5
209,38,5
209,46,5
209,19,1
209,19,5
209,11,4
209,3,2
209,31,1
209,23,1
209,1,2
209,33,1
209,9,4
209,8,3
209,41,4
209,59,1
209,12,1
209,39,3
209,16,1
209,46,3
209,31,5
209,31,1
209,58,4
209,15,1
209,55,5
209,55,4
210,57,3
210,32,1
210,10,4
210,54,1
210,54,3
210,3,1
210,18,4
210,23,3
210,33,1
210,56,2
210,17,3
210,1,1
210,19,4
210,22,2
210,31,1
210,36,2
210,33,4
210,7,5
210,42,3
210,49,1
210,24,5
210,40,5
210,23,4
210,39,2
210,57,2
210,38,3
210,31,2
210,33,3
210,11,3
210,39,1
210,42,5
210,44,3
211,15,4
211,1,1
211,35,5
211,13,3
211,31,2
211,56,3
211,53,2
211,7,2
211,43,2
211,44,3
211,38,2
211,54,2
211,2,4
211,18,4
211,29,4
211,20,4
211,52,2
211,46,2
211,42,5
211,57,2
211,3,5
211,8,2
211,19,4
211,44,5
211,7,1
211,47,5
211,36,3
211,18,2
212,38,3
212,10,4
212,37,1
212,26,3
212,4,4
212,40,5
212,49,3
212,13,4
212,2,4
212,20,1
212,40,4
212,39,5
212,45,1
212,54,3
212,52,1
212,1,4
212,21,3
212,4,3
212,28,5
212,34,4
212,30,3
212,16,3
212,46,1
212,1,1
212,27,3
212,15,3
212,31,4
212,43,1
212,29,5
212,57,3
212,6,5
212,36,1
212,51,4
212,7,1
212,36,1
212,24,5
212,20,5
212,34,4
213,14,5
213,8,2
213,55,3
213,15,3
213,57,1
213,36,5
213,50,5
213,8,3
213,54,4
213,11,4
213,54,2
213,24,3
213,34,4
213,43,5
213,42,5
213,41,4
213,14,2
213,14,3
213,44,2
213,9,4
213,50,5
213,28,2
213,4,3
213,53,5
213,59,1
213,40,2
213,53,1
213,36,2
213,44,2
213,10,2
214,4,5
214,9,1
214,15,3
214,49,2
214,7,4
214,21,1
214,20,1
214,48,5
214,40,4
214,51,3
214,22,3
214,2,2
214,1,2
214,18,2
214,41,3
214,47,4
214,24,3
214,2,5
214,33,5
214,7,3
214,47,2
214,28,3
214,11,5
214,28,3
214,14,4
214,59,3
214,47,5
214,59,3
214,35,5
214,46,2
214,49,2
214,21,4
214,39,3
215,42,2
215,5,2
215,15,3
215,3,4
215,53,2
215,44,4
215,53,3
215,27,4
215,40,5
215,23,3
215,54,2
215,56,5
215,18,4
215,14,2
215,43,1
215,38,5
215,43,2
215,46,2
215,26,3
215,12,5
215,18,1
215,38,3
215,54,5
215,3,1
215,48,4
215,14,2
215,20,4
215,34,3
215,25,4
215,23,4
215,19,2
216,54,4
216,31,5
216,17,2
216,51,3
216,42,2
216,8,5
216,38,3
216,25,2
216,26,5
216,38,2
216,20,4
216,6,5
216,15,4
216,59,3
216,55,5
216,6,4
216,9,5
216,31,4
216,47,1
216,36,2
216,53,1
216,11,4
216,58,1
216,16,1
216,47,4
216,45,4
216,46,3
216,46,1
216,47,4
216,52,2
216,8,1
216,33,4
216,38,5
216,45,1
216,40,3
217,49,3
217,2,4
217,30,2
217,58,5
217,5,1
217,32,4
217,2,3
217,32,2
217,35,2
217,48,2
217,4,5
217,26,4
217,34,3
217,33,1
217,47,5
217,45,3
217,14,1
217,56,4
217,50,3
217,54,1
217,34,2
217,58,1
217,34,2
217,2,2
217,18,3
217,19,1
217,7,5
217,54,5
217,57,3
217,20,1
217,19,1
218,38,2
218,38,3
218,20,4
218,49,3
218,18,1
218,40,5
218,51,1
218,35,4
218,6,3
218,41,4
218,54,1
218,34,1
218,43,3
218,15,1
218,23,2
218,53,1
218,19,5
218,23,2
218,2,5
218,55,4
218,21,4
218,56,1
218,37,5
218,15,2
218,38,1
218,46,4
218,51,1
218,7,2
218,56,1
219,27,4
219,1,2
219,57,5
219,30,1
219,50,4
219,39,3
219,2,1
219,51,2
219,30,5
219,36,3
219,32,4
219,35,1
219,33,2
219,55,3
219,58,2
219,21,1
219,3,1
219,50,3
219,48,2
219,42,5
219,8,5
219,4,3
219,12,3
219,55,2
219,38,2
219,27,3
219,17,4
219,16,5
219,23,5
220,6,2
220,35,3
220,19,2
220,13,4
220,41,4
220,52,1
220,17,1
220,2,3
220,36,1
220,16,4
220,11,3
220,4,2
220,11,5
220,28,1
220,42,5
220,27,2
220,12,2
220,44,1
220,56,2
220,59,1
220,58,1
220,56,3
220,9,1
220,34,5
220,48,5
220,7,3
220,1,4
220,49,1
220,43,2
220,11,3
221,13,4
221,23,1
221,11,3
221,31,3
221,49,3
221,58,3
221,12,1
221,3,3
221,1,4
221,35,4
221,28,2
221,44,5
221,14,4
221,2,1
221,53,4
221,29,4
221,17,2
221,27,1
221,48,1
221,46,3
221,3,5
221,48,2
221,33,5
221,52,4
221,6,1
221,23,2
221,41,2
221,43,4
222,28,5
222,1,5
222,38,2
222,5,3
222,47,5
222,24,1
222,53,5
222,1,2
222,4,4
222,36,3
222,50,1
222,7,4
222,19,4
222,6,4
222,42,5
222,2,4
222,8,2
222,1,1
222,25,2
222,49,3
222,10,4
222,7,1
222,42,2
222,30,4
222,7,1
222,3,4
222,17,4
222,26,1
222,9,2
222,3,1
222,58,5
222,14,2
222,23,1
222,1,2
222,36,4
223,44,5
223,11,5
223,18,1
223,17,3
223,18,3
223,1,2
223,55,1
223,20,5
223,9,5
223,27,1
223,33,4
223,38,4
223,45,5
223,56,2
223,6,2
223,45,1
223,58,5
223,59,3
223,41,2
223,6,1
223,12,2
223,41,4
223,25,3
223,7,4
223,10,4
223,34,1
223,37,2
223,39,5
223,55,2
223,35,4
223,21,3
223,38,3
223,19,5
223,49,3
223,57,1
223,40,4
224,9,4
224,27,5
224,19,5
224,58,3
224,49,4
224,7,4
224,7,5
224,28,4
224,38,1
224,30,1
224,44,5
224,13,4
224,49,3
224,50,4
224,38,2
224,44,3
224,46,1
224,55,4
224,16,5
224,24,2
224,19,3
224,26,5
224,27,1
224,18,2
224,53,2
224,14,3
224,38,3
224,35,3
224,40,3
224,15,1
224,25,5
224,52,3
224,1,3
224,2,2
224,9,3
224,23,4
224,49,1
225,30,2
225,17,4
225,3,3
225,56,4
225,43,1
225,9,4
225,12,2
225,2,5
225,9,5
225,22,3
225,11,5
225,56,3
225,38,5
225,58,2
225,23,2
225,11,3
225,34,3
225,46,3
225,33,3
225,54,3
225,54,1
225,13,3
225,36,2
225,49,3
225,35,2
225,41,5
225,56,3
225,4,4
225,3,5
225,26,5
226,56,1
226,29,5
226,9,5
226,4,1
226,50,5
226,7,4
226,34,3
226,53,1
226,49,1
226,56,5
226,17,5
226,22,3
226,17,2
226,19,3
226,46,4
226,13,2
226,57,4
226,23,4
226,17,1
226,9,5
226,48,5
226,29,2
226,48,2
226,21,2
226,46,2
226,36,5
226,12,4
226,19,5
226,3,4
226,25,2
226,57,3
226,43,4
226,45,4
226,4,1
226,39,4
227,56,3
227,59,3
227,7,4
227,24,2
227,49,1
227,44,1
227,35,4
227,12,1
227,14,5
227,22,1
227,36,2
227,29,3
227,8,3
227,24,5
227,4,4
227,51,1
227,20,3
227,30,3
227,53,4
227,42,2
227,16,1
227,15,4
227,2,4
227,16,2
227,51,1
227,20,1
227,47,4
227,13,4
227,42,2
227,46,5
227,21,5
227,7,4
227,28,4
227,16,5
227,14,3
227,54,1
227,26,4
227,36,5
227,7,4
227,36,4
227,27,3
227,36,4
227,43,5
228,49,2
228,17,5
228,44,2
228,8,4
228,19,3
228,21,1
228,20,5
228,22,3
228,37,3
228,14,3
228,20,1
228,33,3
228,39,3
228,10,5
228,15,4
228,14,5
228,50,3
228,25,5
228,59,2
228,49,4
228,2,3
228,30,2
228,5,5
228,33,2
228,5,3
228,29,5
228,19,5
228,8,1
228,50,4
228,59,3
228,10,2
228,50,1
228,40,5
228,29,4
228,59,2
228,11,5
228,49,2
228,23,3
229,8,3
229,35,3
229,5,2
229,10,3
229,56,1
229,5,3
229,22,1
229,40,5
229,40,2
229,31,2
229,51,4
229,50,1
229,22,2
229,10,1
229,6,5
229,16,1
229,28,3
229,12,4
229,44,2
229,59,4
229,38,4
229,14,4
229,59,5
229,36,5
229,31,4
229,10,3
229,32,1
229,40,4
229,49,1
229,33,2
229,10,2
230,2,5
230,31,1
230,19,2
230,3,2
230,43,5
230,52,1
230,28,4
230,52,1
230,39,5
230,48,5
230,53,4
230,14,3
230,17,5
230,38,3
230,29,2
230,14,1
230,17,5
230,14,4
230,51,2
230,36,3
230,13,1
230,12,5
230,6,4
230,59,4
230,30,4
230,56,4
230,21,1
230,47,1
230,43,2
230,31,2
230,50,1
230,7,2
230,46,1
230,32,3
230,29,4
230,26,5
230,23,1
230,22,5
230,52,4
230,16,5
230,50,4
231,30,4
231,12,4
231,59,5
231,14,1
231,1,4
231,3,1
231,50,2
231,7,5
231,10,3
231,51,3
231,45,1
231,45,2
231,28,3
231,52,1
231,3,4
231,7,5
231,23,2
231,18,3
231,51,4
231,35,3
231,36,1
231,16,5
231,39,5
231,56,1
231,59,3
231,56,1
231,55,3
231,2,4
231,36,2
231,11,3
231,45,5
231,44,4
231,17,1
231,51,1
231,18,3
231,3,3
232,31,2
232,23,3
232,53,2
232,5,3
232,2,5
232,10,3
232,57,2
232,52,1
232,46,2
232,27,5
232,53,5
232,47,1
232,33,2
232,25,1
232,52,5
232,10,5
232,8,1
232,29,2
232,25,5
232,50,5
232,55,1
232,27,3
232,38,5
232,39,4
232,8,3
232,52,1
232,11,2
232,57,1
232,59,4
233,30,4
233,12,1
233,26,3
233,55,4
233,46,1
233,40,5
233,10,5
233,41,3
233,7,4
233,57,5
233,39,3
233,35,5
233,39,3
233,39,5
233,34,4
233,54,1
233,40,3
233,31,1
233,30,3
233,27,5
233,14,1
233,14,1
233,23,1
233,30,1
233,36,3
233,25,4
233,5,3
233,47,5
233,6,3
233,22,5
233,32,4
233,45,2
234,10,4
234,13,2
234,50,4
234,32,5
234,49,2
234,19,4
234,12,4
234,52,4
234,51,1
234,41,2
234,49,5
234,12,5
234,52,1
234,14,4
234,50,2
234,26,4
234,39,5
234,34,1
234,48,1
234,27,1
234,44,1
234,47,5
234,1,3
234,2,4
234,27,4
234,23,3
234,4,2
234,14,5
234,24,1
234,25,3
234,50,1
234,54,2
234,20,2
234,36,1
234,25,1
234,5,4
234,54,4
235,37,1
235,35,4
235,10,1
235,4,3
235,42,1
235,58,2
235,5,2
235,25,1
235,28,4
235,12,4
235,28,4
235,27,4
235,51,5
235,18,4
235,32,5
235,23,1
235,2,1
235,25,2
235,4,4
235,22,1
235,34,3
235,25,4
235,18,5
235,12,3
235,18,4
235,13,3
235,35,5
235,39,5
235,52,4
235,28,1
235,50,5
235,14,4
235,51,2
236,40,5
236,19,2
236,42,1
236,50,4
236,5,1
236,59,2
236,55,1
236,24,2
236,1,2
236,50,1
236,27,4
236,37,4
236,35,4
236,26,1
236,15,3
236,44,3
236,42,3
236,27,5
236,3,1
236,23,5
236,19,4
236,16,1
236,21,4
236,33,4
236,48,5
237,15,1
237,6,5
237,13,1
237,21,4
237,46,4
237,57,4
237,50,3
237,2,2
237,1,3
237,53,1
237,37,3
237,48,2
237,9,1
237,56,4
237,12,5
237,59,5
237,9,4
237,2,4
237,49,3
237,9,2
237,6,5
237,28,2
237,40,1
237,18,4
237,59,1
237,52,1
237,52,4
237,48,1
237,58,1
237,26,2
237,5,3
238,47,1
238,14,3
238,56,3
238,4,5
238,4,1
238,55,1
238,49,1
238,52,5
238,40,5
238,20,3
238,15,5
238,55,3
238,22,5
238,46,4
238,56,3
238,24,1
238,13,5
238,58,5
238,1,4
238,57,5
238,51,3
238,27,4
238,39,4
238,35,1
238,19,1
238,59,2
238,39,3
238,9,5
238,6,4
238,25,2
238,48,4
239,2,5
239,54,2
239,32,1
239,47,5
239,48,3
239,54,2
239,42,5
239,51,5
239,38,2
239,24,5
239,9,5
239,10,5
239,57,3
239,24,1
239,2,1
239,41,3
239,19,1
239,41,3
239,51,2
239,39,3
239,34,4
239,59,2
239,7,2
239,50,4
239,15,5
239,43,1
239,40,4
239,53,4
239,25,2
239,45,3
239,12,3
239,52,5
239,26,3
239,19,5
239,22,1
239,41,3
240,36,3
240,23,3
240,35,3
240,43,1
240,24,3
240,44,4
240,34,5
240,54,4
240,54,2
240,59,4
240,49,3
240,5,3
240,56,3
240,52,5
240,50,2
240,47,4
240,34,5
240,23,1
240,58,2
240,48,2
240,47,1
240,14,4
240,38,4
240,33,2
240,41,1
240,48,5
240,37,1
240,45,3
240,56,5
240,4,2
240,9,4
240,8,1
240,26,4
240,57,3
240,20,3
241,17,5
241,44,4
241,26,5
241,54,3
241,26,4
241,6,2
241,45,3
241,56,2
241,23,5
241,4,4
241,41,1
241,10,3
241,29,1
241,50,5
241,45,3
241,21,2
241,2,5
241,48,3
241,26,1
241,40,3
241,19,1
241,40,2
241,1,5
241,11,1
242,23,5
242,12,2
242,16,5
242,48,4
242,27,5
242,55,4
242,49,1
242,3,2
242,36,1
242,16,3
242,27,5
242,32,2
242,42,2
242,25,3
242,21,3
242,14,3
242,33,4
242,9,4
242,23,4
242,41,5
242,31,5
242,22,2
242,44,5
242,41,1
242,15,4
242,34,3
242,20,1
242,23,2
242,13,3
242,30,4
242,1,4
242,19,4
242,10,5
242,1,3
242,46,5
242,27,4
242,10,5
242,8,2
242,33,4
242,23,1
242,42,5
242,13,4
242,4,5
242,19,5
243,24,3
243,20,2
243,29,5
243,43,1
243,30,3
243,49,4
243,5,4
243,9,4
243,28,5
243,44,1
243,23,5
243,18,1
243,8,1
243,23,1
243,11,2
243,17,1
243,44,5
243,57,5
243,17,5
243,55,1
243,53,2
243,13,1
243,10,3
243,3,4
243,48,1
243,56,4
243,47,3
243,39,4
243,22,1
243,59,5
243,8,4
243,6,5
244,37,3
244,14,5
244,26,1
244,35,2
244,10,3
244,50,3
244,32,5
244,10,3
244,11,5
244,51,4
244,25,1
244,7,4
244,9,2
244,47,1
244,15,2
244,48,3
244,58,4
244,1,1
244,57,4
244,47,4
244,12,5
244,7,1
244,59,3
244,58,4
244,56,5
244,30,3
244,44,4
244,52,4
244,32,2
244,33,1
244,42,2
244,5,3
244,5,3
245,4,1
245,28,2
245,46,5
245,3,2
245,56,3
245,37,1
245,11,1
245,40,1
245,5,1
245,49,5
245,34,5
245,23,5
245,21,2
245,18,4
245,3,2
245,43,3
245,17,1
245,40,2
245,34,4
245,38,3
245,3,5
245,25,1
245,45,3
245,6,3
245,4,5
245,16,2
246,58,3
246,54,1
246,13,5
246,43,1
246,19,5
246,25,2
246,55,2
246,44,3
246,20,3
246,4,3
246,32,2
246,22,5
246,30,5
246,53,3
246,57,1
246,45,4
246,4,4
246,37,4
246,24,2
246,24,2
246,40,3
246,49,5
246,38,3
246,41,1
246,4,3
246,23,3
246,35,4
246,46,1
246,1,5
247,40,3
247,19,2
247,23,3
247,18,5
247,42,3
247,21,2
247,38,5
247,45,3
247,14,2
247,36,3
247,47,4
247,52,3
247,11,4
247,48,4
247,44,5
247,47,3
247,24,1
247,17,4
247,24,4
247,49,1
247,38,5
247,52,1
247,23,2
247,33,5
247,43,2
247,11,5
247,28,3
247,9,5
247,3,5
247,44,1
247,1,5
247,43,5
247,44,1
247,17,1
247,58,5
247,20,3
247,37,3
247,35,1
247,36,1
247,12,1
247,18,5
247,43,5
247,53,1
248,13,5
248,22,5
248,12,4
248,36,3
248,35,5
248,36,2
248,3,5
248,31,4
248,54,5
248,12,5
248,10,1
248,52,1
248,20,2
248,29,2
248,17,5
248,4,5
248,35,4
248,4,1
248,54,2
248,32,3
248,59,3
248,4,1
248,29,5
248,40,4
248,52,5
248,1,2
248,32,5
248,27,5
248,40,2
248,30,4
248,14,3
248,6,4
248,30,4
248,32,4
249,2,1
249,36,1
249,2,1
249,38,5
249,31,5
249,47,1
249,31,5
249,37,3
249,18,1
249,43,2
249,49,4
249,49,3
249,44,3
249,7,1
249,37,1
249,50,1
249,7,4
249,52,3
249,38,1
249,15,1
249,3,4
249,15,1
249,39,3
249,33,1
249,55,2
249,28,1
249,50,3
250,57,2
250,35,4
250,19,4
250,28,2
250,56,3
250,18,5
250,25,3
250,28,1
250,52,1
250,7,5
250,33,5
250,21,2
250,6,5
250,54,2
250,3,5
250,21,4
250,20,4
250,19,5
250,31,2
250,55,1
250,47,2
250,23,2
250,26,5
250,16,4
250,39,1
250,24,4
250,20,5
250,27,5
250,42,4
250,11,1
250,15,4
250,43,3
250,22,3
250,43,3
250,24,4
250,52,4
250,43,5
251,38,2
251,10,1
251,15,1
251,24,4
251,20,4
251,47,2
251,24,3
251,54,1
251,47,5
251,11,4
251,54,5
251,37,5
251,15,3
251,18,1
251,49,5
251,28,3
251,39,4
251,32,4
251,17,5
251,40,3
251,11,3
251,27,2
251,3,3
251,51,1
251,4,2
251,1,1
251,38,1
252,11,3
252,49,1
252,3,1
252,38,3
252,20,1
252,27,3
252,59,5
252,25,1
252,11,5
252,17,4
252,35,3
252,42,2
252,47,5
252,54,3
252,10,5
252,28,5
252,4,5
252,5,4
252,12,2
252,37,2
252,42,4
252,26,2
252,6,4
252,45,4
252,25,2
252,58,3
253,19,5
253,15,2
253,36,3
253,40,3
253,45,4
253,20,3
253,18,2
253,17,4
253,5,2
253,4,4
253,52,3
253,53,3
253,30,1
253,20,1
253,33,3
253,10,4
253,7,5
253,10,2
253,24,1
253,46,2
253,57,1
253,52,1
253,36,5
253,26,5
253,4,4
253,33,1
254,12,3
254,34,1
254,25,3
254,57,4
254,21,3
254,32,2
254,49,4
254,26,1
254,15,2
254,23,3
254,2,5
254,19,4
254,10,4
254,24,4
254,54,1
254,50,2
254,11,4
254,46,5
254,32,5
254,8,2
254,41,4
254,29,4
254,31,3
254,24,1
255,28,3
255,39,1
255,55,1
255,26,1
255,3,2
255,15,2
255,7,4
255,28,5
255,17,3
255,15,5
255,37,4
255,55,3
255,27,1
255,59,5
255,1,1
255,48,5
255,58,3
255,20,2
255,41,3
255,44,5
255,48,5
255,29,2
255,16,4
255,3,4
255,56,2
255,43,4
255,45,1
255,46,2
255,30,4
255,24,3
255,57,4
255,57,2
255,15,4
255,16,3
256,48,3
256,34,1
256,54,3
256,35,5
256,35,4
256,10,3
256,52,4
256,24,5
256,54,2
256,8,2
256,38,1
256,57,5
256,7,4
256,6,1
256,59,1
256,6,5
256,35,5
256,12,2
256,15,3
256,6,5
256,57,4
256,55,4
256,19,5
256,17,4
256,11,5
256,27,2
256,45,3
256,18,1
256,3,3
256,38,1
256,24,3
256,35,2
257,54,1
257,7,5
257,28,1
257,41,1
257,57,2
257,9,4
257,54,2
257,39,2
257,51,5
257,28,3
257,13,3
257,2,4
257,25,4
257,27,1
257,40,2
257,19,3
257,3,4
257,48,4
257,34,4
257,48,4
257,10,3
257,45,4
257,36,2
257,6,1
257,52,2
257,46,2
257,47,5
257,24,4
257,23,4
257,35,5
257,6,2
257,56,3
257,46,2
257,13,3
257,42,1
257,37,5
257,30,1
258,56,2
258,22,5
258,1,3
258,24,1
258,21,5
258,26,4
258,31,4
258,34,3
258,4,2
258,47,4
258,55,2
258,34,5
258,13,1
258,45,5
258,9,1
258,33,4
258,4,2
258,4,3
258,1,2
258,36,2
258,13,2
258,6,3
258,18,5
258,3,1
258,59,5
258,57,1
258,56,2
258,5,5
258,19,4
258,49,5
258,6,4
258,13,5
258,46,2
258,2,3
258,44,1
258,20,1
258,39,5
258,31,5
258,13,1
258,51,3
259,22,4
259,54,2
259,43,3
259,38,4
259,50,3
259,55,3
259,16,1
259,58,4
259,30,1
259,25,1
259,26,4
259,5,4
259,22,4
259,56,1
259,41,2
259,1,5
259,30,2
259,51,4
259,2,5
259,36,4
259,29,2
259,3,3
259,48,4
260,22,5
260,19,4
260,19,4
260,45,4
260,6,5
260,26,4
260,5,2
260,1,3
260,17,4
260,30,3
260,7,4
260,58,5
260,28,2
260,52,1
260,47,4
260,4,4
260,7,2
260,26,1
260,14,3
260,53,3
260,58,4
260,35,5
260,22,3
260,49,4
260,43,2
260,57,2
260,53,1
260,29,5
260,37,1
260,23,2
260,42,5
260,4,4
260,19,5
260,56,1
260,45,2
260,49,3
260,28,3
261,3,3
261,56,5
261,40,4
261,18,3
261,56,3
261,28,1
261,16,2
261,9,4
261,14,2
261,38,3
261,7,4
261,27,4
261,8,3
261,37,1
261,41,3
261,1,2
261,15,1
261,29,3
261,23,1
261,26,4
261,54,2
261,26,4
261,23,3
261,45,3
261,23,5
261,7,4
261,7,5
261,46,3
261,58,1
261,29,1
261,19,1
261,46,3
261,27,3
261,29,3
261,38,2
261,5,2
261,26,1
262,47,1
262,37,1
262,8,2
262,43,2
262,32,1
262,24,5
262,1,5
262,30,5
262,40,3
262,59,3
262,40,1
262,6,4
262,38,2
262,2,4
262,19,5
262,11,5
262,51,5
262,9,3
262,58,2
262,5,4
262,58,3
262,15,3
262,51,1
262,17,1
262,13,5
262,9,5
262,34,4
262,12,1
262,7,3
262,23,1
262,7,4
262,3,1
262,2,5
262,50,3
262,32,4
262,34,5
262,10,2
263,44,5
263,41,5
263,4,2
263,1,5
263,57,1
263,9,3
263,21,1
263,35,2
263,53,4
263,42,5
263,21,1
263,58,4
263,53,1
263,45,1
263,22,5
263,41,4
263,7,5
263,41,3
263,4,5
263,37,3
263,27,1
263,22,5
263,40,1
263,7,2
263,43,2
263,13,4
263,50,5
263,14,2
263,59,1
263,25,1
263,54,3
263,3,5
263,53,5
263,12,3
263,55,3
263,55,3
263,40,5
264,26,4
264,58,1
264,31,4
264,38,3
264,8,3
264,53,4
264,48,1
264,6,3
264,49,5
264,2,5
264,31,2
264,47,1
264,24,2
264,30,1
264,23,4
264,18,4
264,44,4
264,49,1
264,57,5
264,47,2
264,33,5
264,56,4
264,56,5
264,25,1
264,47,1
264,40,3
264,15,5
264,52,2
264,46,1
264,16,3
264,46,2
264,17,4
264,12,3
265,53,5
265,46,3
265,17,1
265,41,1
265,13,3
265,23,4
265,35,3
265,59,3
265,12,2
265,12,3
265,11,3
265,35,2
265,30,1
265,9,1
265,13,3
265,39,4
265,19,5
265,24,1
265,23,3
265,31,4
265,1,5
265,10,3
265,13,2
265,37,3
265,9,2
265,50,1
265,52,3
265,41,5
265,59,2
265,45,1
265,27,4
265,30,3
265,44,4
265,50,1
266,38,2
266,39,1
266,50,4
266,50,4
266,38,1
266,28,5
266,43,4
266,32,2
266,11,4
266,20,2
266,11,5
266,57,3
266,8,1
266,33,2
266,44,4
266,53,4
266,58,5
266,31,5
266,31,1
266,7,4
266,49,4
266,43,4
266,26,4
266,32,1
266,39,3
266,15,2
266,31,4
266,22,2
267,24,2
267,33,2
267,31,2
267,26,2
267,24,4
267,23,2
267,46,3
267,22,2
267,17,2
267,2,5
267,23,2
267,8,3
267,12,3
267,47,3
267,56,1
267,43,1
267,46,4
267,44,2
267,24,2
267,16,1
267,33,1
267,58,5
267,40,5
267,48,1
267,57,4
267,58,3
267,28,2
267,7,2
267,51,5
267,59,1
267,56,4
267,9,2
267,17,4
267,46,1
267,13,3
267,12,1
267,13,5
267,31,5
267,31,4
267,58,5
267,44,4
267,51,4
267,22,5
267,20,4
267,8,5
267,38,2
267,7,4
267,18,1
267,36,5
267,18,1
267,31,1
267,51,3
267,20,5
268,54,4
268,34,3
268,38,4
268,4,5
268,2,2
268,23,5
268,57,1
268,55,2
268,6,4
268,50,2
268,4,4
268,26,1
268,30,2
268,32,5
268,56,2
268,49,1
268,6,2
268,33,4
268,4,4
268,29,2
268,27,4
268,39,2
268,49,4
268,54,1
268,3,3
268,38,2
268,11,5
268,31,3
268,16,5
268,13,2
268,42,4
268,4,5
269,29,2
269,7,1
269,30,1
269,28,4
269,21,5
269,32,5
269,31,3
269,8,4
269,56,1
269,23,3
269,44,1
269,3,3
269,1,1
269,42,3
269,50,1
269,31,2
269,41,5
269,57,2
269,38,1
269,49,2
269,16,3
269,59,1
269,36,1
269,54,5
269,1,1
269,55,4
269,2,4
269,19,3
269,47,5
269,29,1
270,22,3
270,10,1
270,46,4
270,3,5
270,41,5
270,15,5
270,13,2
270,19,4
270,33,4
270,58,3
270,26,1
270,51,4
270,39,1
270,58,5
270,57,4
270,42,1
270,10,5
270,58,1
270,45,3
270,47,4
270,40,1
270,7,1
270,17,3
270,5,1
270,57,3
270,36,2
270,45,3
270,20,1
271,30,2
271,40,4
271,7,2
271,6,4
271,31,2
271,45,5
271,7,4
271,48,3
271,27,5
271,8,3
271,14,4
271,11,1
271,38,5
271,15,3
271,56,1
271,10,4
271,3,1
271,5,5
271,41,1
271,34,4
271,23,2
271,4,4
271,48,5
271,29,1
271,8,2
271,29,5
271,58,3
272,14,1
272,5,2
272,49,2
272,27,1
272,46,5
272,44,3
272,20,3
272,9,1
272,38,1
272,55,4
272,52,4
272,45,3
272,16,4
272,12,3
272,8,5
272,20,4
272,21,2
272,5,5
272,30,2
272,52,4
272,16,1
272,46,2
272,32,2
272,52,4
272,48,5
272,53,4
272,14,5
272,50,3
272,57,1
272,2,5
272,10,3
272,52,5
272,51,3
272,49,3
273,16,5
273,2,2
273,52,5
273,43,4
273,46,4
273,58,4
273,46,5
273,9,3
273,31,2
273,5,4
273,57,1
273,16,3
273,34,4
273,42,5
273,26,2
273,38,3
273,3,5
273,32,2
273,28,4
273,48,4
273,31,3
273,47,5
273,4,4
273,5,2
273,1,1
273,48,4
273,7,2
273,52,4
273,51,2
273,11,3
273,23,2
273,44,2
273,48,3
273,3,1
273,46,1
274,40,3
274,17,5
274,56,4
274,17,2
274,22,2
274,44,3
274,52,4
274,52,4
274,37,5
274,51,4
274,31,3
274,16,5
274,36,2
274,46,4
274,57,3
274,56,3
274,47,3
274,53,1
274,23,1
274,56,3
274,56,5
274,13,4
274,24,3
274,2,1
274,49,3
274,6,1
274,43,4
274,11,5
274,31,4
274,19,5
274,59,3
274,58,3
274,12,4
274,26,5
274,21,4
274,9,2
274,54,3
274,2,4
274,32,4
274,32,2
275,13,3
275,23,2
275,56,2
275,41,1
275,15,2
275,24,3
275,34,2
275,58,4
275,13,3
275,44,1
275,55,1
275,18,1
275,20,1
275,45,1
275,50,1
275,18,4
275,43,5
275,56,2
275,21,5
275,58,1
275,38,1
275,9,3
275,48,1
276,43,2
276,22,1
276,50,2
276,20,1
276,29,5
276,1,1
276,40,5
276,31,1
276,27,3
276,47,2
276,36,4
276,54,5
276,43,5
276,15,1
276,21,4
276,58,4
276,59,2
276,24,4
276,25,4
276,20,2
276,37,1
276,10,2
276,12,2
276,21,5
276,17,1
276,19,1
276,3,2
276,35,3
276,20,2
276,21,3
276,27,1
276,50,5
276,26,3
276,6,1
276,15,2
276,55,2
276,55,4
276,20,2
276,18,1
276,26,4
276,8,1
276,56,4
276,2,2
276,36,3
276,25,1
276,58,2
276,5,5
276,32,1
276,54,1
276,44,3
277,43,4
277,24,4
277,43,2
277,16,5
277,22,2
277,44,2
277,4,4
277,58,4
277,38,3
277,58,5
277,53,1
277,6,4
277,56,1
277,46,2
277,51,2
277,58,4
277,8,3
277,58,5
277,27,3
277,48,1
277,12,3
277,17,4
277,57,2
277,59,1
277,42,5
277,35,3
277,49,4
277,49,2
277,28,5
277,15,5
277,47,1
277,12,5
277,8,1
277,30,2
277,59,1
277,30,4
278,23,2
278,41,1
278,6,1
278,10,1
278,19,2
278,22,3
278,33,1
278,40,5
278,55,3
278,15,1
278,58,5
278,51,4
278,46,5
278,39,2
278,11,1
278,7,1
278,37,2
278,14,4
278,14,2
278,52,4
278,27,1
278,35,2
278,52,4
278,1,3
278,3,3
278,17,1
278,51,2
278,52,2
278,15,5
278,31,2
279,19,1
279,56,3
279,50,1
279,35,4
279,5,1
279,8,2
279,58,2
279,52,3
279,45,5
279,35,4
279,50,5
279,49,1
279,18,3
279,13,2
279,25,3
279,49,4
279,41,2
279,55,3
279,45,5
279,29,2
279,51,1
279,8,3
279,58,5
279,10,4
279,24,5
279,17,2
280,14,3
280,45,4
280,31,4
280,55,4
280,56,2
280,3,1
280,50,1
280,14,1
280,27,4
280,58,2
280,15,4
280,31,2
280,59,2
280,7,5
280,22,2
280,12,5
280,29,5
280,33,3
280,5,1
280,46,2
280,15,1
280,39,5
280,55,3
280,6,1
280,11,5
280,18,4
280,48,4
280,19,4
280,55,1
280,46,3
280,50,3
281,40,2
281,55,1
281,50,2
281,31,4
281,37,4
281,50,1
281,32,5
281,53,3
281,53,1
281,5,2
281,16,5
281,55,1
281,58,2
281,18,3
281,36,2
281,16,1
281,46,4
281,24,5
281,50,5
281,37,3
281,15,4
281,7,5
281,51,1
281,37,4
281,27,4
281,53,3
281,31,2
281,10,2
281,58,2
281,30,1
281,15,5
281,57,2
281,56,3
282,40,4
282,13,1
282,34,2
282,46,4
282,15,3
282,40,4
282,48,5
282,21,3
282,54,5
282,15,3
282,41,1
282,9,3
282,44,3
282,34,1
282,43,2
282,35,4
282,26,4
282,14,2
282,54,3
282,33,4
282,5,4
282,9,2
282,13,2
282,58,3
282,9,1
282,29,2
282,5,1
282,32,5
282,43,2
282,18,2
282,13,5
282,5,2
282,16,5
282,2,5
282,19,3
282,15,2
283,15,1
283,45,1
283,18,2
283,55,2
283,17,1
283,3,2
283,3,3
283,43,4
283,42,4
283,25,4
283,37,3
283,22,5
283,15,5
283,5,1
283,40,3
283,16,5
283,11,4
283,20,2
283,40,3
283,51,1
283,52,5
283,35,5
283,5,2
283,39,1
283,4,2
283,7,1
283,20,5
283,49,2
283,28,1
283,45,1
283,30,5
283,40,2
283,23,5
283,4,3
283,46,5
283,29,3
283,21,1
283,54,5
283,19,3
283,47,4
284,6,1
284,12,2
284,25,1
284,57,1
284,33,4
284,9,3
284,30,2
284,59,2
284,29,4
284,49,3
284,2,5
284,54,5
284,50,1
284,57,2
284,57,4
284,54,5
284,22,2
284,3,1
284,55,5
284,17,2
284,48,3
284,35,2
284,21,3
284,22,5
284,35,2
284,49,1
284,57,5
285,43,1
285,3,2
285,28,2
285,18,5
285,34,4
285,43,4
285,14,2
285,42,3
285,3,5
285,26,5
285,13,4
285,25,5
285,24,4
285,18,4
285,27,4
285,38,5
285,8,4
285,50,4
285,29,3
285,12,5
285,7,3
285,27,1
285,14,2
285,8,1
285,6,5
285,23,1
285,56,2
285,39,1
285,31,4
285,12,3
285,45,3
285,16,1
285,57,4
285,59,5
286,56,1
286,9,3
286,25,3
286,39,3
286,17,1
286,25,2
286,26,5
286,55,2
286,47,5
286,20,4
286,6,3
286,13,5
286,50,1
286,59,1
286,42,4
286,40,4
286,11,5
286,55,4
286,42,5
286,53,4
286,9,4
286,44,1
286,11,4
286,16,2
286,54,5
286,31,1
286,24,2
286,53,2
286,38,5
286,33,1
286,36,1
286,29,1
286,11,5
286,3,3
286,3,2
286,23,4
287,50,5
287,2,5
287,14,1
287,46,2
287,20,3
287,19,2
287,3,4
287,47,5
287,37,1
287,10,1
287,22,1
287,39,3
287,54,5
287,35,4
287,39,3
287,39,2
287,17,5
287,38,3
287,36,4
287,29,2
287,13,3
287,47,2
287,12,5
287,51,5
287,27,3
287,53,3
287,21,1
287,17,1
287,55,4
287,49,1
287,8,5
287,1,5
287,15,2
287,26,1
287,24,3
287,56,1
287,7,4
288,35,4
288,28,1
288,29,5
288,39,3
288,54,3
288,10,3
288,57,1
288,1,1
288,14,1
288,39,4
288,41,1
288,26,1
288,50,3
288,57,2
288,19,5
288,29,4
288,5,4
288,48,5
288,51,4
288,20,3
288,37,1
288,9,5
288,42,3
288,59,3
288,8,5
288,1,5
288,18,3
288,49,5
288,1,1
288,33,2
288,6,2
288,38,5
288,2,2
288,28,4
288,20,5
288,59,4
288,5,1
288,16,1
289,43,2
289,42,5
289,18,3
289,44,3
289,30,5
289,27,3
289,34,2
289,28,5
289,23,1
289,51,1
289,2,2
289,15,4
289,57,2
289,58,3
289,2,4
289,42,3
289,33,4
289,41,3
289,28,2
289,41,2
289,12,5
289,13,2
289,10,4
289,39,5
289,46,1
289,51,4
289,3,4
289,34,3
289,4,1
289,39,2
289,33,2
289,22,1
289,38,4
289,49,2
289,5,4
289,38,2
289,2,1
289,13,5
289,36,1
289,55,2
289,46,1
289,1,5
289,53,5
290,14,3
290,24,3
290,21,2
290,3,3
290,54,4
290,33,5
290,33,2
290,58,4
290,21,3
290,45,2
290,17,1
290,32,1
290,17,4
290,7,2
290,53,2
290,33,4
290,43,3
290,1,2
290,5,4
290,37,1
290,48,4
290,57,4
290,54,3
290,16,4
290,4,1
290,18,5
290,4,5
290,24,3
290,47,1
290,58,5
290,50,2
291,58,5
291,56,4
291,15,2
291,10,1
291,24,2
291,27,5
291,38,3
291,18,3
291,20,2
291,48,1
291,10,3
291,36,4
291,47,1
291,25,1
291,57,3
291,6,4
291,50,4
291,11,3
291,42,4
291,36,3
291,50,3
291,19,1
291,7,2
291,50,4
291,52,3
291,11,4
291,52,4
291,54,4
292,30,5
292,42,5
292,57,2
292,51,5
292,10,1
292,23,4
292,45,4
292,55,2
292,24,3
292,50,1
292,4,3
292,19,2
292,16,4
292,1,1
292,40,5
292,49,4
292,25,1
292,27,5
292,24,2
292,2,1
292,26,4
292,24,2
292,48,2
292,37,1
292,35,5
292,31,3
292,3,2
292,13,4
292,23,5
292,50,2
292,20,5
292,9,1
292,3,5
292,10,1
293,13,1
293,17,2
293,6,2
293,57,1
293,22,4
293,54,4
293,31,4
293,49,5
293,28,4
293,11,2
293,18,3
293,1,5
293,15,4
293,31,2
293,12,4
293,30,2
293,14,4
293,43,4
293,51,5
293,12,1
293,52,2
293,4,2
293,51,2
293,49,4
293,45,3
294,27,1
294,32,4
294,52,4
294,2,5
294,49,4
294,47,4
294,59,4
294,35,3
294,16,2
294,25,4
294,20,1
294,3,3
294,45,4
294,40,1
294,48,1
294,53,4
294,38,1
294,56,4
294,48,2
294,14,1
294,52,2
294,50,5
294,54,5
294,19,4
294,49,5
294,27,2
294,44,5
294,58,1
294,46,3
294,52,4
294,32,4
294,40,4
294,28,4
294,39,2
294,51,1
294,15,3
294,18,4
294,53,3
294,45,2
294,38,3
294,44,4
294,40,2
295,28,3
295,15,1
295,24,2
295,29,2
295,20,5
295,17,4
295,16,1
295,35,1
295,8,2
295,48,2
295,4,1
295,58,4
295,40,5
295,43,1
295,28,3
295,51,3
295,58,5
295,43,2
295,20,3
295,50,1
295,15,4
295,10,1
295,12,2
295,43,5
295,4,3
295,14,5
295,30,1
295,34,1
295,30,1
295,18,5
295,29,3
295,50,5
296,4,4
296,16,1
296,53,3
296,44,2
296,31,5
296,26,4
296,19,4
296,44,3
296,11,2
296,48,2
296,15,2
296,13,4
296,13,4
296,26,2
296,55,1
296,38,2
296,34,2
296,20,2
296,12,4
296,37,2
296,35,2
296,41,2
296,47,4
296,39,2
296,29,2
296,12,3
296,11,4
296,22,4
296,45,4
296,21,2
296,26,3
296,54,3
296,8,5
296,28,5
296,1,3
296,20,2
297,4,2
297,7,4
297,18,4
297,25,4
297,50,5
297,4,1
297,18,2
297,52,5
297,25,4
297,31,4
297,49,3
297,29,3
297,22,1
297,40,4
297,19,5
297,43,2
297,34,3
297,39,3
297,46,4
297,39,4
297,32,3
297,8,4
297,43,5
297,31,4
297,31,3
297,17,5
297,47,1
297,1,2
297,49,1
297,15,2
297,36,4
297,35,1
297,21,5
297,49,1
297,18,5
297,14,2
298,30,4
298,25,5
298,32,3
298,21,5
298,19,4
298,16,1
298,26,5
298,22,5
298,57,1
298,38,5
298,14,3
298,59,4
298,14,4
298,14,2
298,12,4
298,39,3
298,14,5
298,24,5
298,52,1
298,28,5
298,52,4
298,28,4
298,5,4
298,41,1
298,8,5
298,22,2
298,58,2
298,28,4
298,54,5
298,37,4
299,52,2
299,48,5
299,34,4
299,11,2
299,56,2
299,5,3
299,44,1
299,6,5
299,25,3
299,49,3
299,28,3
299,2,3
299,51,1
299,43,2
299,14,3
299,13,4
299,28,1
299,25,5
299,47,1
299,14,5
299,35,2
299,19,4
299,28,1
299,51,4
299,39,5
299,51,1
299,55,4
299,45,3
299,41,2
299,29,1
299,36,2
299,54,3
299,5,1
299,49,1
299,16,2
299,57,3
299,48,2
299,41,5
299,55,3
300,59,2
300,6,3
300,12,4
300,52,4
300,37,3
300,4,5
300,50,4
300,49,5
300,21,2
300,44,1
300,20,3
300,54,1
300,23,1
300,13,5
300,36,4
300,43,4
300,28,4
300,24,1
300,59,4
300,39,5
300,13,5
300,21,2
300,22,4
300,3,3
300,45,4
300,56,2
